,avgType,avgType2,fast,slow,sig,delay,window,stdev,numSell,exposure,drawdown,winLoss,value,zzz
0,logarithmic,logarithmic,11,22,9,4,9,1.4,70,0.49592088998763906,-0.40365780905484916,2.6842105263157894,12943.740000000013,logarithmic-11-22-9-4-9-1.4
1,logarithmic,logarithmic,11,22,9,4,9,1.6,71,0.49938195302843014,-0.46240922802443873,2.55,11314.320000000003,logarithmic-11-22-9-4-9-1.6
2,logarithmic,logarithmic,11,22,9,4,9,1.8,71,0.5139678615574784,-0.4756124244696745,2.380952380952381,10726.450000000004,logarithmic-11-22-9-4-9-1.8
3,logarithmic,logarithmic,11,22,9,4,9,2.0,77,0.5260815822002473,-0.5080556329586191,1.8518518518518519,10179.420000000006,logarithmic-11-22-9-4-9-2.0
4,logarithmic,logarithmic,11,22,9,4,12,1.0,63,0.4482076637824475,-0.46744738825439136,2.7058823529411766,10868.540000000005,logarithmic-11-22-9-4-12-1.0
5,logarithmic,logarithmic,11,22,9,4,12,1.2,67,0.469221260815822,-0.4375410262212486,2.9411764705882355,11694.000000000007,logarithmic-11-22-9-4-12-1.2
6,logarithmic,logarithmic,11,22,9,4,12,1.4,67,0.48529048207663783,-0.40365780905484916,2.9411764705882355,13274.350000000013,logarithmic-11-22-9-4-12-1.4
7,logarithmic,logarithmic,11,22,9,4,12,1.6,70,0.49864029666254633,-0.4393401019974975,2.5,11615.540000000008,logarithmic-11-22-9-4-12-1.6
8,logarithmic,logarithmic,11,22,9,4,12,1.8,68,0.5092707045735476,-0.4949029303241513,2.7777777777777777,10912.310000000005,logarithmic-11-22-9-4-12-1.8
9,logarithmic,logarithmic,11,22,9,4,12,2.0,72,0.5223733003708282,-0.5546530046622616,2.272727272727273,9686.410000000005,logarithmic-11-22-9-4-12-2.0
10,logarithmic,logarithmic,11,22,9,4,15,1.0,64,0.453646477132262,-0.4545892328494028,2.764705882352941,10761.030000000004,logarithmic-11-22-9-4-15-1.0
11,logarithmic,logarithmic,11,22,9,4,15,1.2,65,0.47416563658838073,-0.40365780905484916,3.0625,12563.620000000004,logarithmic-11-22-9-4-15-1.2
12,logarithmic,logarithmic,11,22,9,4,15,1.4,68,0.48751545117428924,-0.413367581851402,2.7777777777777777,12137.640000000016,logarithmic-11-22-9-4-15-1.4
13,logarithmic,logarithmic,11,22,9,4,15,1.6,68,0.5023485784919653,-0.4578694604081769,2.5789473684210527,11644.060000000005,logarithmic-11-22-9-4-15-1.6
14,logarithmic,logarithmic,11,22,9,4,15,1.8,69,0.5112484548825711,-0.4949029303241513,2.6315789473684212,10845.820000000002,logarithmic-11-22-9-4-15-1.8
15,logarithmic,logarithmic,11,22,9,4,15,2.0,74,0.5315203955500618,-0.604137874285372,2.217391304347826,8646.44,logarithmic-11-22-9-4-15-2.0
16,logarithmic,logarithmic,11,25,3,1,6,1.0,106,0.48084054388133496,-0.4062407429065587,2.212121212121212,15733.290000000017,logarithmic-11-25-3-1-6-1.0
17,logarithmic,logarithmic,11,25,3,1,6,1.2,100,0.5018541409147095,-0.43991756593834047,2.8461538461538463,18014.93000000002,logarithmic-11-25-3-1-6-1.2
18,logarithmic,logarithmic,11,25,3,1,6,1.4,104,0.5174289245982695,-0.36777164169860305,2.8518518518518516,19869.240000000013,logarithmic-11-25-3-1-6-1.4
19,logarithmic,logarithmic,11,25,3,1,6,1.6,110,0.5310259579728059,-0.3107932114922376,2.5483870967741935,21961.100000000042,logarithmic-11-25-3-1-6-1.6
20,logarithmic,logarithmic,11,25,3,1,6,1.8,114,0.5431396786155748,-0.3813517115927773,2.257142857142857,18769.880000000034,logarithmic-11-25-3-1-6-1.8
21,logarithmic,logarithmic,11,25,3,1,6,2.0,114,0.557725587144623,-0.3937371833105805,2.5625,21453.210000000032,logarithmic-11-25-3-1-6-2.0
22,logarithmic,logarithmic,11,25,3,1,9,1.0,95,0.480593325092707,-0.3758546511873619,2.5185185185185186,16978.020000000008,logarithmic-11-25-3-1-9-1.0
23,logarithmic,logarithmic,11,25,3,1,9,1.2,95,0.49864029666254633,-0.34754152883113465,2.5185185185185186,19582.710000000014,logarithmic-11-25-3-1-9-1.2
24,logarithmic,logarithmic,11,25,3,1,9,1.4,98,0.5147095179233622,-0.2592515604862892,2.92,24217.15000000003,logarithmic-11-25-3-1-9-1.4
25,logarithmic,logarithmic,11,25,3,1,9,1.6,101,0.5260815822002473,-0.3112259139566903,2.740740740740741,22177.45000000002,logarithmic-11-25-3-1-9-1.6
26,logarithmic,logarithmic,11,25,3,1,9,1.8,104,0.5414091470951793,-0.45799010553697916,2.586206896551724,17388.00000000001,logarithmic-11-25-3-1-9-1.8
27,logarithmic,logarithmic,11,25,3,1,9,2.0,109,0.5520395550061805,-0.44469935238864455,2.303030303030303,17712.920000000027,logarithmic-11-25-3-1-9-2.0
28,logarithmic,logarithmic,11,25,3,1,12,1.0,93,0.4813349814585908,-0.3605742613590738,2.576923076923077,18444.81000000001,logarithmic-11-25-3-1-12-1.0
29,logarithmic,logarithmic,11,25,3,1,12,1.2,96,0.49888751545117427,-0.3354317988798945,2.5555555555555554,20228.170000000016,logarithmic-11-25-3-1-12-1.2
30,logarithmic,logarithmic,11,25,3,1,12,1.4,96,0.515451174289246,-0.2925255315664928,2.84,23530.700000000015,logarithmic-11-25-3-1-12-1.4
31,logarithmic,logarithmic,11,25,3,1,12,1.6,97,0.5255871446229914,-0.3051757153801965,2.88,22874.210000000014,logarithmic-11-25-3-1-12-1.6
32,logarithmic,logarithmic,11,25,3,1,12,1.8,98,0.542398022249691,-0.4569270149723532,2.769230769230769,17524.980000000036,logarithmic-11-25-3-1-12-1.8
33,logarithmic,logarithmic,11,25,3,1,12,2.0,104,0.5517923362175525,-0.4889970550779327,2.586206896551724,16495.560000000012,logarithmic-11-25-3-1-12-2.0
34,logarithmic,logarithmic,11,25,3,1,15,1.0,94,0.48751545117428924,-0.3451975132809557,2.76,19804.610000000022,logarithmic-11-25-3-1-15-1.0
35,logarithmic,logarithmic,11,25,3,1,15,1.2,94,0.5043263288009888,-0.2925255315664928,2.6153846153846154,21625.52000000005,logarithmic-11-25-3-1-15-1.2
36,logarithmic,logarithmic,11,25,3,1,15,1.4,94,0.5159456118665019,-0.3051757153801965,3.272727272727273,22647.440000000017,logarithmic-11-25-3-1-15-1.4
37,logarithmic,logarithmic,11,25,3,1,15,1.6,96,0.5327564894932015,-0.4006833305193528,2.5555555555555554,18184.04000000003,logarithmic-11-25-3-1-15-1.6
38,logarithmic,logarithmic,11,25,3,1,15,1.8,98,0.5436341161928306,-0.44041220424574407,2.769230769230769,17104.890000000007,logarithmic-11-25-3-1-15-1.8
39,logarithmic,logarithmic,11,25,3,1,15,2.0,102,0.5584672435105068,-0.5230388609234884,2.2903225806451615,15279.35000000001,logarithmic-11-25-3-1-15-2.0
40,logarithmic,logarithmic,11,25,3,2,6,1.0,80,0.4454882571075402,-0.46743901980345176,2.6363636363636362,10699.84999999999,logarithmic-11-25-3-2-6-1.0
41,logarithmic,logarithmic,11,25,3,2,6,1.2,79,0.46946847960444993,-0.48695590655822546,3.6470588235294117,12199.480000000001,logarithmic-11-25-3-2-6-1.2
42,logarithmic,logarithmic,11,25,3,2,6,1.4,81,0.4823238566131026,-0.44879973922559335,3.5,13627.85,logarithmic-11-25-3-2-6-1.4
43,logarithmic,logarithmic,11,25,3,2,6,1.6,84,0.4934487021013597,-0.4087253755348473,3.4210526315789473,14363.019999999995,logarithmic-11-25-3-2-6-1.6
44,logarithmic,logarithmic,11,25,3,2,6,1.8,83,0.5040791100123609,-0.4084119447573778,3.3684210526315788,13663.78,logarithmic-11-25-3-2-6-1.8
45,logarithmic,logarithmic,11,25,3,2,6,2.0,84,0.511495673671199,-0.4084119447573778,3.2,14327.870000000006,logarithmic-11-25-3-2-6-2.0
46,logarithmic,logarithmic,11,25,3,2,9,1.0,78,0.4588380716934487,-0.4336440178601815,3.588235294117647,13029.55999999999,logarithmic-11-25-3-2-9-1.0
47,logarithmic,logarithmic,11,25,3,2,9,1.2,76,0.47194066749072927,-0.40438749357466924,3.75,14125.779999999988,logarithmic-11-25-3-2-9-1.2
48,logarithmic,logarithmic,11,25,3,2,9,1.4,77,0.4838071693448702,-0.3610677780623532,3.8125,16095.940000000004,logarithmic-11-25-3-2-9-1.4
49,logarithmic,logarithmic,11,25,3,2,9,1.6,79,0.4917181705809642,-0.3610677780623532,3.6470588235294117,16251.82,logarithmic-11-25-3-2-9-1.6
50,logarithmic,logarithmic,11,25,3,2,9,1.8,80,0.5035846724351051,-0.419879033630227,3.4444444444444446,13781.350000000008,logarithmic-11-25-3-2-9-1.8
51,logarithmic,logarithmic,11,25,3,2,9,2.0,84,0.5082818294190359,-0.43596071906393463,3.0,13298.66,logarithmic-11-25-3-2-9-2.0
52,logarithmic,logarithmic,11,25,3,2,12,1.0,76,0.453646477132262,-0.41891366683562054,4.066666666666666,13748.230000000014,logarithmic-11-25-3-2-12-1.0
53,logarithmic,logarithmic,11,25,3,2,12,1.2,75,0.4672435105067985,-0.40438749357466924,4.0,14442.439999999995,logarithmic-11-25-3-2-12-1.2
54,logarithmic,logarithmic,11,25,3,2,12,1.4,78,0.48529048207663783,-0.3610677780623532,3.875,15992.130000000003,logarithmic-11-25-3-2-12-1.4
55,logarithmic,logarithmic,11,25,3,2,12,1.6,80,0.4954264524103832,-0.3721488993206613,3.4444444444444446,15859.539999999999,logarithmic-11-25-3-2-12-1.6
56,logarithmic,logarithmic,11,25,3,2,12,1.8,79,0.5095179233621755,-0.4617095051913092,3.1578947368421053,12664.400000000007,logarithmic-11-25-3-2-12-1.8
57,logarithmic,logarithmic,11,25,3,2,12,2.0,83,0.5129789864029666,-0.5442689630097951,2.9523809523809526,10384.120000000003,logarithmic-11-25-3-2-12-2.0
58,logarithmic,logarithmic,11,25,3,2,15,1.0,75,0.45315203955500616,-0.4058239020519863,4.0,13718.870000000008,logarithmic-11-25-3-2-15-1.0
59,logarithmic,logarithmic,11,25,3,2,15,1.2,76,0.47243510506798514,-0.3610677780623532,4.066666666666666,15660.330000000002,logarithmic-11-25-3-2-15-1.2
60,logarithmic,logarithmic,11,25,3,2,15,1.4,80,0.4899876390605686,-0.3721488993206613,3.7058823529411766,15685.659999999998,logarithmic-11-25-3-2-15-1.4
61,logarithmic,logarithmic,11,25,3,2,15,1.6,80,0.5040791100123609,-0.390221317949554,3.0,13702.699999999993,logarithmic-11-25-3-2-15-1.6
62,logarithmic,logarithmic,11,25,3,2,15,1.8,80,0.5119901112484548,-0.4617095051913092,3.210526315789474,12263.02,logarithmic-11-25-3-2-15-1.8
63,logarithmic,logarithmic,11,25,3,2,15,2.0,83,0.5221260815822002,-0.562056607389444,2.9523809523809526,9863.099999999999,logarithmic-11-25-3-2-15-2.0
64,logarithmic,logarithmic,11,25,3,3,6,1.0,57,0.4257107540173053,-0.45949280657410824,2.0,9581.490000000007,logarithmic-11-25-3-3-6-1.0
65,logarithmic,logarithmic,11,25,3,3,6,1.2,56,0.4543881334981459,-0.44973120443436937,2.5,11116.33,logarithmic-11-25-3-3-6-1.2
66,logarithmic,logarithmic,11,25,3,3,6,1.4,56,0.4665018541409147,-0.41233265734126534,3.0,12130.319999999994,logarithmic-11-25-3-3-6-1.4
67,logarithmic,logarithmic,11,25,3,3,6,1.6,59,0.48009888751545116,-0.3694318290995113,2.933333333333333,13096.519999999993,logarithmic-11-25-3-3-6-1.6
68,logarithmic,logarithmic,11,25,3,3,6,1.8,59,0.4964153275648949,-0.3817892410798909,3.2142857142857144,13660.239999999996,logarithmic-11-25-3-3-6-1.8
69,logarithmic,logarithmic,11,25,3,3,6,2.0,58,0.5008652657601977,-0.3817892410798909,3.142857142857143,14552.839999999991,logarithmic-11-25-3-3-6-2.0
70,logarithmic,logarithmic,11,25,3,3,9,1.0,56,0.4388133498145859,-0.4329352292193244,2.7333333333333334,11247.879999999994,logarithmic-11-25-3-3-9-1.0
71,logarithmic,logarithmic,11,25,3,3,9,1.2,55,0.4595797280593325,-0.41233265734126534,2.9285714285714284,11602.399999999996,logarithmic-11-25-3-3-9-1.2
72,logarithmic,logarithmic,11,25,3,3,9,1.4,55,0.4684796044499382,-0.3817892410798909,2.9285714285714284,12893.219999999996,logarithmic-11-25-3-3-9-1.4
73,logarithmic,logarithmic,11,25,3,3,9,1.6,56,0.47292954264524106,-0.3817892410798909,3.3076923076923075,12861.839999999997,logarithmic-11-25-3-3-9-1.6
74,logarithmic,logarithmic,11,25,3,3,9,1.8,56,0.49443757725587145,-0.3924527779292484,3.3076923076923075,13377.389999999992,logarithmic-11-25-3-3-9-1.8
75,logarithmic,logarithmic,11,25,3,3,9,2.0,56,0.4956736711990111,-0.4098502690552296,3.0,13282.599999999999,logarithmic-11-25-3-3-9-2.0
76,logarithmic,logarithmic,11,25,3,3,12,1.0,55,0.4410383189122373,-0.41808211553896096,2.6666666666666665,11584.739999999996,logarithmic-11-25-3-3-12-1.0
77,logarithmic,logarithmic,11,25,3,3,12,1.2,55,0.45859085290482077,-0.41233265734126534,2.9285714285714284,11707.259999999991,logarithmic-11-25-3-3-12-1.2
78,logarithmic,logarithmic,11,25,3,3,12,1.4,55,0.46897404202719406,-0.3817892410798909,3.230769230769231,12830.229999999998,logarithmic-11-25-3-3-12-1.4
79,logarithmic,logarithmic,11,25,3,3,12,1.6,56,0.4828182941903585,-0.3924527779292484,3.3076923076923075,13051.089999999991,logarithmic-11-25-3-3-12-1.6
80,logarithmic,logarithmic,11,25,3,3,12,1.8,57,0.5067985166872683,-0.47868893891749503,2.8,11875.92,logarithmic-11-25-3-3-12-1.8
81,logarithmic,logarithmic,11,25,3,3,12,2.0,58,0.5080346106304079,-0.5233373061932471,3.142857142857143,10982.990000000003,logarithmic-11-25-3-3-12-2.0
82,logarithmic,logarithmic,11,25,3,3,15,1.0,55,0.44252163164400493,-0.4047171697718541,2.9285714285714284,11573.179999999998,logarithmic-11-25-3-3-15-1.0
83,logarithmic,logarithmic,11,25,3,3,15,1.2,54,0.46056860321384424,-0.3817892410798909,3.1538461538461537,12793.549999999996,logarithmic-11-25-3-3-15-1.2
84,logarithmic,logarithmic,11,25,3,3,15,1.4,56,0.4746600741656366,-0.3924527779292484,3.0,12723.609999999997,logarithmic-11-25-3-3-15-1.4
85,logarithmic,logarithmic,11,25,3,3,15,1.6,57,0.5033374536464771,-0.4098502690552296,2.8,13431.730000000001,logarithmic-11-25-3-3-15-1.6
86,logarithmic,logarithmic,11,25,3,3,15,1.8,57,0.5090234857849196,-0.47868893891749503,3.0714285714285716,11804.870000000004,logarithmic-11-25-3-3-15-1.8
87,logarithmic,logarithmic,11,25,3,3,15,2.0,56,0.5144622991347343,-0.5752805020864005,2.7333333333333334,9335.850000000002,logarithmic-11-25-3-3-15-2.0
88,logarithmic,logarithmic,11,25,3,4,6,1.0,30,0.2899876390605686,-0.4680934558060838,1.7272727272727273,6621.039999999998,logarithmic-11-25-3-4-6-1.0
89,logarithmic,logarithmic,11,25,3,4,6,1.2,29,0.33325092707045734,-0.4617228799046982,1.6363636363636365,8034.859999999997,logarithmic-11-25-3-4-6-1.2
90,logarithmic,logarithmic,11,25,3,4,6,1.4,28,0.34313967861557476,-0.43377447695629534,1.8,8416.329999999994,logarithmic-11-25-3-4-6-1.4
91,logarithmic,logarithmic,11,25,3,4,6,1.6,29,0.3453646477132262,-0.39154660859206336,1.6363636363636365,8921.159999999993,logarithmic-11-25-3-4-6-1.6
92,logarithmic,logarithmic,11,25,3,4,6,1.8,28,0.3503090234857849,-0.39738664284118824,1.5454545454545454,8919.809999999992,logarithmic-11-25-3-4-6-1.8
93,logarithmic,logarithmic,11,25,3,4,6,2.0,28,0.3742892459826947,-0.39738664284118824,1.8,10162.049999999996,logarithmic-11-25-3-4-6-2.0
94,logarithmic,logarithmic,11,25,3,4,9,1.0,29,0.29592088998763905,-0.44175083710309093,2.2222222222222223,7011.189999999999,logarithmic-11-25-3-4-9-1.0
95,logarithmic,logarithmic,11,25,3,4,9,1.2,28,0.323114956736712,-0.43377447695629534,1.8,7893.349999999996,logarithmic-11-25-3-4-9-1.2
96,logarithmic,logarithmic,11,25,3,4,9,1.4,27,0.3288009888751545,-0.39738664284118824,1.7,8490.979999999998,logarithmic-11-25-3-4-9-1.4
97,logarithmic,logarithmic,11,25,3,4,9,1.6,27,0.3295426452410383,-0.39738664284118824,1.7,8421.379999999997,logarithmic-11-25-3-4-9-1.6
98,logarithmic,logarithmic,11,25,3,4,9,1.8,27,0.3542645241038319,-0.40925563993745817,1.7,9150.58,logarithmic-11-25-3-4-9-1.8
99,logarithmic,logarithmic,11,25,3,4,9,2.0,27,0.3555006180469716,-0.4255137368773733,1.7,9104.47,logarithmic-11-25-3-4-9-2.0
0,logarithmic,logarithmic,11,25,3,4,12,1.0,29,0.3016069221260816,-0.4275930476074039,1.9,7606.7499999999945,logarithmic-11-25-3-4-12-1.0
1,logarithmic,logarithmic,11,25,3,4,12,1.2,27,0.3218788627935723,-0.43377447695629534,2.0,7933.919999999996,logarithmic-11-25-3-4-12-1.2
2,logarithmic,logarithmic,11,25,3,4,12,1.4,27,0.32904820766378245,-0.39738664284118824,1.7,8600.719999999998,logarithmic-11-25-3-4-12-1.4
3,logarithmic,logarithmic,11,25,3,4,12,1.6,27,0.33943139678615575,-0.40925563993745817,1.7,8775.979999999994,logarithmic-11-25-3-4-12-1.6
4,logarithmic,logarithmic,11,25,3,4,12,1.8,27,0.37626699629171817,-0.4920538306901942,1.7,8371.529999999995,logarithmic-11-25-3-4-12-1.8
5,logarithmic,logarithmic,11,25,3,4,12,2.0,28,0.377008652657602,-0.5356404958677686,1.8,7828.749999999995,logarithmic-11-25-3-4-12-2.0
6,logarithmic,logarithmic,11,25,3,4,15,1.0,29,0.303831891223733,-0.41425855738248024,2.2222222222222223,7749.619999999996,logarithmic-11-25-3-4-15-1.0
7,logarithmic,logarithmic,11,25,3,4,15,1.2,26,0.327070457354759,-0.39738664284118824,1.8888888888888888,8469.099999999999,logarithmic-11-25-3-4-15-1.2
8,logarithmic,logarithmic,11,25,3,4,15,1.4,27,0.33102595797280593,-0.40925563993745817,1.7,8494.439999999995,logarithmic-11-25-3-4-15-1.4
9,logarithmic,logarithmic,11,25,3,4,15,1.6,27,0.3728059332509271,-0.4255137368773733,1.7,9457.559999999996,logarithmic-11-25-3-4-15-1.6
10,logarithmic,logarithmic,11,25,3,4,15,1.8,28,0.37676143386897404,-0.4920538306901942,1.8,8577.609999999997,logarithmic-11-25-3-4-15-1.8
11,logarithmic,logarithmic,11,25,3,4,15,2.0,27,0.3987639060568603,-0.5861207281661827,2.0,7213.709999999998,logarithmic-11-25-3-4-15-2.0
12,logarithmic,logarithmic,11,25,5,1,6,1.0,98,0.47045735475896167,-0.4397642188546149,2.5,12893.139999999989,logarithmic-11-25-5-1-6-1.0
13,logarithmic,logarithmic,11,25,5,1,6,1.2,95,0.4899876390605686,-0.46602426360033805,2.6538461538461537,13247.849999999991,logarithmic-11-25-5-1-6-1.2
14,logarithmic,logarithmic,11,25,5,1,6,1.4,94,0.5028430160692212,-0.3902976904273475,2.9166666666666665,14726.590000000002,logarithmic-11-25-5-1-6-1.4
15,logarithmic,logarithmic,11,25,5,1,6,1.6,101,0.5166872682323856,-0.3061812091450696,2.740740740740741,17102.210000000003,logarithmic-11-25-5-1-6-1.6
16,logarithmic,logarithmic,11,25,5,1,6,1.8,102,0.5283065512978986,-0.3621748019266873,2.5172413793103448,15849.09000000001,logarithmic-11-25-5-1-6-1.8
17,logarithmic,logarithmic,11,25,5,1,6,2.0,103,0.542150803461063,-0.38273738144080627,2.433333333333333,17250.970000000005,logarithmic-11-25-5-1-6-2.0
18,logarithmic,logarithmic,11,25,5,1,9,1.0,88,0.46823238566131026,-0.37765215238465183,3.0,14440.530000000008,logarithmic-11-25-5-1-9-1.0
19,logarithmic,logarithmic,11,25,5,1,9,1.2,88,0.48677379480840544,-0.35008213379155506,3.0,16424.889999999992,logarithmic-11-25-5-1-9-1.2
20,logarithmic,logarithmic,11,25,5,1,9,1.4,92,0.5016069221260816,-0.30264715166619827,2.8333333333333335,18286.350000000002,logarithmic-11-25-5-1-9-1.4
21,logarithmic,logarithmic,11,25,5,1,9,1.6,96,0.5129789864029666,-0.35915120009252544,3.0,16738.899999999998,logarithmic-11-25-5-1-9-1.6
22,logarithmic,logarithmic,11,25,5,1,9,1.8,95,0.5255871446229914,-0.4782412846438071,2.6538461538461537,12661.81000000001,logarithmic-11-25-5-1-9-1.8
23,logarithmic,logarithmic,11,25,5,1,9,2.0,99,0.5367119901112485,-0.434149917431408,2.6666666666666665,14882.22999999999,logarithmic-11-25-5-1-9-2.0
24,logarithmic,logarithmic,11,25,5,1,12,1.0,87,0.4684796044499382,-0.3622691655272022,2.782608695652174,14902.520000000022,logarithmic-11-25-5-1-12-1.0
25,logarithmic,logarithmic,11,25,5,1,12,1.2,90,0.48702101359703337,-0.3532631333628419,2.9130434782608696,16322.42,logarithmic-11-25-5-1-12-1.2
26,logarithmic,logarithmic,11,25,5,1,12,1.4,90,0.5021013597033375,-0.2951494539342041,2.9130434782608696,18698.870000000017,logarithmic-11-25-5-1-12-1.4
27,logarithmic,logarithmic,11,25,5,1,12,1.6,92,0.5134734239802224,-0.3847731168143392,2.68,15295.400000000007,logarithmic-11-25-5-1-12-1.6
28,logarithmic,logarithmic,11,25,5,1,12,1.8,91,0.5265760197775031,-0.4805996418984079,2.7916666666666665,13121.780000000004,logarithmic-11-25-5-1-12-1.8
29,logarithmic,logarithmic,11,25,5,1,12,2.0,96,0.5364647713226205,-0.4826397252757284,2.84,13652.840000000015,logarithmic-11-25-5-1-12-2.0
30,logarithmic,logarithmic,11,25,5,1,15,1.0,87,0.4739184177997528,-0.347610536786107,2.9545454545454546,15588.800000000005,logarithmic-11-25-5-1-15-1.0
31,logarithmic,logarithmic,11,25,5,1,15,1.2,88,0.4902348578491965,-0.2951494539342041,2.8260869565217392,17175.05999999999,logarithmic-11-25-5-1-15-1.2
32,logarithmic,logarithmic,11,25,5,1,15,1.4,90,0.5028430160692212,-0.3077960577519254,2.9130434782608696,18121.02000000002,logarithmic-11-25-5-1-15-1.4
33,logarithmic,logarithmic,11,25,5,1,15,1.6,91,0.5184177997527812,-0.40125813837609003,2.3703703703703702,14539.09000000001,logarithmic-11-25-5-1-15-1.6
34,logarithmic,logarithmic,11,25,5,1,15,1.8,91,0.5275648949320149,-0.48402499928257925,2.7916666666666665,12773.019999999993,logarithmic-11-25-5-1-15-1.8
35,logarithmic,logarithmic,11,25,5,1,15,2.0,93,0.5441285537700865,-0.5178715999697376,2.72,12859.209999999992,logarithmic-11-25-5-1-15-2.0
36,logarithmic,logarithmic,11,25,5,2,6,1.0,88,0.461557478368356,-0.3723187202642338,3.1904761904761907,14882.429999999984,logarithmic-11-25-5-2-6-1.0
37,logarithmic,logarithmic,11,25,5,2,6,1.2,85,0.48331273176761436,-0.4084623454802963,4.3125,15352.329999999982,logarithmic-11-25-5-2-6-1.2
38,logarithmic,logarithmic,11,25,5,2,6,1.4,84,0.49789864029666253,-0.33803709980516333,4.6,17836.489999999976,logarithmic-11-25-5-2-6-1.4
39,logarithmic,logarithmic,11,25,5,2,6,1.6,89,0.5082818294190359,-0.30758588763638467,3.9444444444444446,18217.529999999966,logarithmic-11-25-5-2-6-1.6
40,logarithmic,logarithmic,11,25,5,2,6,1.8,91,0.5211372064276885,-0.3477364010688125,3.3333333333333335,17139.82999999999,logarithmic-11-25-5-2-6-1.8
41,logarithmic,logarithmic,11,25,5,2,6,2.0,93,0.5297898640296662,-0.3477364010688125,3.4285714285714284,18446.28999999999,logarithmic-11-25-5-2-6-2.0
42,logarithmic,logarithmic,11,25,5,2,9,1.0,82,0.465512978986403,-0.34247958606834644,4.466666666666667,17690.229999999996,logarithmic-11-25-5-2-9-1.0
43,logarithmic,logarithmic,11,25,5,2,9,1.2,82,0.484548825710754,-0.319275243945808,4.857142857142857,18765.789999999983,logarithmic-11-25-5-2-9-1.2
44,logarithmic,logarithmic,11,25,5,2,9,1.4,83,0.4949320148331273,-0.28172936138211324,4.1875,19841.79999999998,logarithmic-11-25-5-2-9-1.4
45,logarithmic,logarithmic,11,25,5,2,9,1.6,85,0.503831891223733,-0.3201815880887581,4.0,18553.94999999997,logarithmic-11-25-5-2-9-1.6
46,logarithmic,logarithmic,11,25,5,2,9,1.8,86,0.5161928306551298,-0.35979201973737335,3.526315789473684,16440.029999999984,logarithmic-11-25-5-2-9-1.8
47,logarithmic,logarithmic,11,25,5,2,9,2.0,90,0.5243510506798517,-0.3400342495213317,3.2857142857142856,17647.249999999985,logarithmic-11-25-5-2-9-2.0
48,logarithmic,logarithmic,11,25,5,2,12,1.0,81,0.4662546353522868,-0.3252233207838037,4.4,17250.239999999987,logarithmic-11-25-5-2-12-1.0
49,logarithmic,logarithmic,11,25,5,2,12,1.2,83,0.48405438813349816,-0.32940022543315267,3.611111111111111,17700.63999999998,logarithmic-11-25-5-2-12-1.2
50,logarithmic,logarithmic,11,25,5,2,12,1.4,83,0.49592088998763906,-0.2683372841779097,4.1875,20088.809999999972,logarithmic-11-25-5-2-12-1.4
51,logarithmic,logarithmic,11,25,5,2,12,1.6,86,0.5082818294190359,-0.33221148857713745,3.526315789473684,17456.669999999973,logarithmic-11-25-5-2-12-1.6
52,logarithmic,logarithmic,11,25,5,2,12,1.8,84,0.519406674907293,-0.383756042663801,3.6666666666666665,16255.819999999976,logarithmic-11-25-5-2-12-1.8
53,logarithmic,logarithmic,11,25,5,2,12,2.0,86,0.5233621755253399,-0.4586589121919255,3.526315789473684,14501.969999999992,logarithmic-11-25-5-2-12-2.0
54,logarithmic,logarithmic,11,25,5,2,15,1.0,82,0.47095179233621753,-0.30965943415112585,4.125,17785.13999999998,logarithmic-11-25-5-2-15-1.0
55,logarithmic,logarithmic,11,25,5,2,15,1.2,81,0.48677379480840544,-0.2683372841779097,4.4,19154.049999999977,logarithmic-11-25-5-2-15-1.2
56,logarithmic,logarithmic,11,25,5,2,15,1.4,84,0.49938195302843014,-0.2814819347520905,4.25,19749.179999999957,logarithmic-11-25-5-2-15-1.4
57,logarithmic,logarithmic,11,25,5,2,15,1.6,85,0.5137206427688504,-0.3026754888893032,3.473684210526316,18064.949999999964,logarithmic-11-25-5-2-15-1.6
58,logarithmic,logarithmic,11,25,5,2,15,1.8,84,0.5221260815822002,-0.383756042663801,3.6666666666666665,16269.809999999976,logarithmic-11-25-5-2-15-1.8
59,logarithmic,logarithmic,11,25,5,2,15,2.0,86,0.5349814585908529,-0.46821986738287397,4.0588235294117645,14053.91999999998,logarithmic-11-25-5-2-15-2.0
60,logarithmic,logarithmic,11,25,5,3,6,1.0,77,0.4331273176761434,-0.3947667060510253,2.6666666666666665,12218.720000000001,logarithmic-11-25-5-3-6-1.0
61,logarithmic,logarithmic,11,25,5,3,6,1.2,76,0.45760197775030903,-0.38816155910499994,3.4705882352941178,13867.220000000003,logarithmic-11-25-5-3-6-1.2
62,logarithmic,logarithmic,11,25,5,3,6,1.4,76,0.47787391841779975,-0.3630044502455796,3.75,15307.599999999993,logarithmic-11-25-5-3-6-1.4
63,logarithmic,logarithmic,11,25,5,3,6,1.6,78,0.4810877626699629,-0.31632656888503846,3.588235294117647,16058.739999999994,logarithmic-11-25-5-3-6-1.6
64,logarithmic,logarithmic,11,25,5,3,6,1.8,80,0.4954264524103832,-0.36987579445228985,3.0,14342.119999999995,logarithmic-11-25-5-3-6-1.8
65,logarithmic,logarithmic,11,25,5,3,6,2.0,82,0.5033374536464771,-0.36987579445228985,3.1,15595.250000000004,logarithmic-11-25-5-3-6-2.0
66,logarithmic,logarithmic,11,25,5,3,9,1.0,75,0.44128553770086526,-0.37111353658559476,3.411764705882353,15196.419999999995,logarithmic-11-25-5-3-9-1.0
67,logarithmic,logarithmic,11,25,5,3,9,1.2,73,0.45636588380716936,-0.3563122035748245,3.5625,14629.430000000002,logarithmic-11-25-5-3-9-1.2
68,logarithmic,logarithmic,11,25,5,3,9,1.4,75,0.47045735475896167,-0.3356250316468163,3.411764705882353,16334.189999999995,logarithmic-11-25-5-3-9-1.4
69,logarithmic,logarithmic,11,25,5,3,9,1.6,76,0.4758961681087763,-0.36769568046749157,3.2222222222222223,14963.029999999999,logarithmic-11-25-5-3-9-1.6
70,logarithmic,logarithmic,11,25,5,3,9,1.8,76,0.4887515451174289,-0.38068353371628355,3.2222222222222223,14301.690000000006,logarithmic-11-25-5-3-9-1.8
71,logarithmic,logarithmic,11,25,5,3,9,2.0,79,0.4964153275648949,-0.3615097828512704,2.95,14960.42,logarithmic-11-25-5-3-9-2.0
72,logarithmic,logarithmic,11,25,5,3,12,1.0,74,0.44425216316440047,-0.35471907941991154,3.3529411764705883,15068.91000000001,logarithmic-11-25-5-3-12-1.0
73,logarithmic,logarithmic,11,25,5,3,12,1.2,73,0.4588380716934487,-0.3630044502455796,3.2941176470588234,15138.869999999994,logarithmic-11-25-5-3-12-1.2
74,logarithmic,logarithmic,11,25,5,3,12,1.4,74,0.46897404202719406,-0.32212895397662183,3.3529411764705883,15828.710000000008,logarithmic-11-25-5-3-12-1.4
75,logarithmic,logarithmic,11,25,5,3,12,1.6,78,0.4843016069221261,-0.38068353371628355,3.1052631578947367,14645.339999999995,logarithmic-11-25-5-3-12-1.6
76,logarithmic,logarithmic,11,25,5,3,12,1.8,76,0.4946847960444994,-0.4274073615651063,3.0,13847.95000000001,logarithmic-11-25-5-3-12-1.8
77,logarithmic,logarithmic,11,25,5,3,12,2.0,77,0.4969097651421508,-0.47609469852539915,3.0526315789473686,12881.120000000008,logarithmic-11-25-5-3-12-2.0
78,logarithmic,logarithmic,11,25,5,3,15,1.0,74,0.4484548825710754,-0.3398146012313662,3.625,15554.140000000007,logarithmic-11-25-5-3-15-1.0
79,logarithmic,logarithmic,11,25,5,3,15,1.2,72,0.4625463535228677,-0.32212895397662183,3.8,16139.829999999994,logarithmic-11-25-5-3-15-1.2
80,logarithmic,logarithmic,11,25,5,3,15,1.4,74,0.47021013597033373,-0.3352734003589456,3.3529411764705883,15461.310000000001,logarithmic-11-25-5-3-15-1.4
81,logarithmic,logarithmic,11,25,5,3,15,1.6,76,0.48677379480840544,-0.3541227127556831,2.8,14863.140000000005,logarithmic-11-25-5-3-15-1.6
82,logarithmic,logarithmic,11,25,5,3,15,1.8,76,0.4969097651421508,-0.4274073615651063,3.0,13754.180000000011,logarithmic-11-25-5-3-15-1.8
83,logarithmic,logarithmic,11,25,5,3,15,2.0,77,0.5080346106304079,-0.5046349692158528,3.2777777777777777,11793.319999999985,logarithmic-11-25-5-3-15-2.0
84,logarithmic,logarithmic,11,25,5,4,6,1.0,52,0.38145859085290484,-0.3743843424426488,1.6,11481.639999999992,logarithmic-11-25-5-4-6-1.0
85,logarithmic,logarithmic,11,25,5,4,6,1.2,52,0.40815822002472185,-0.37083336077612633,2.466666666666667,13532.740000000002,logarithmic-11-25-5-4-6-1.2
86,logarithmic,logarithmic,11,25,5,4,6,1.4,53,0.42546353522867736,-0.3142121362379414,2.533333333333333,15095.860000000004,logarithmic-11-25-5-4-6-1.4
87,logarithmic,logarithmic,11,25,5,4,6,1.6,55,0.4276885043263288,-0.2630499888503854,2.4375,16035.819999999992,logarithmic-11-25-5-4-6-1.6
88,logarithmic,logarithmic,11,25,5,4,6,1.8,55,0.4410383189122373,-0.27072957997472735,2.0555555555555554,14968.98,logarithmic-11-25-5-4-6-1.8
89,logarithmic,logarithmic,11,25,5,4,6,2.0,56,0.44721878862793574,-0.27072957997472735,2.111111111111111,15648.35,logarithmic-11-25-5-4-6-2.0
90,logarithmic,logarithmic,11,25,5,4,9,1.0,51,0.3841779975278121,-0.3619663592132985,2.1875,13830.760000000002,logarithmic-11-25-5-4-9-1.0
91,logarithmic,logarithmic,11,25,5,4,9,1.2,50,0.4086526576019778,-0.3142121362379414,2.5714285714285716,15086.63000000001,logarithmic-11-25-5-4-9-1.2
92,logarithmic,logarithmic,11,25,5,4,9,1.4,51,0.4200247218788628,-0.27072957997472735,2.4,16700.499999999996,logarithmic-11-25-5-4-9-1.4
93,logarithmic,logarithmic,11,25,5,4,9,1.6,51,0.42101359703337454,-0.27072957997472735,2.4,16087.279999999995,logarithmic-11-25-5-4-9-1.6
94,logarithmic,logarithmic,11,25,5,4,9,1.8,51,0.43362175525339924,-0.28357374787945633,2.4,14915.210000000001,logarithmic-11-25-5-4-9-1.8
95,logarithmic,logarithmic,11,25,5,4,9,2.0,53,0.4358467243510507,-0.30447010162615024,2.1176470588235294,14992.559999999998,logarithmic-11-25-5-4-9-2.0
96,logarithmic,logarithmic,11,25,5,4,12,1.0,50,0.392336217552534,-0.3458356424483237,1.9411764705882353,13546.999999999995,logarithmic-11-25-5-4-12-1.0
97,logarithmic,logarithmic,11,25,5,4,12,1.2,50,0.4071693448702101,-0.3142121362379414,2.5714285714285716,15346.480000000005,logarithmic-11-25-5-4-12-1.2
98,logarithmic,logarithmic,11,25,5,4,12,1.4,49,0.41433868974042026,-0.27072957997472735,2.5,15974.23,logarithmic-11-25-5-4-12-1.4
99,logarithmic,logarithmic,11,25,5,4,12,1.6,52,0.4284301606922126,-0.28357374787945633,2.25,15708.659999999996,logarithmic-11-25-5-4-12-1.6
0,logarithmic,logarithmic,11,25,5,4,12,1.8,51,0.4388133498145859,-0.38372269167693035,2.4,13735.820000000002,logarithmic-11-25-5-4-12-1.8
1,logarithmic,logarithmic,11,25,5,4,12,2.0,53,0.4407911001236094,-0.43741773042772186,2.3125,12553.990000000002,logarithmic-11-25-5-4-12-2.0
2,logarithmic,logarithmic,11,25,5,4,15,1.0,49,0.39406674907292955,-0.3307690787783789,2.2666666666666666,14025.670000000002,logarithmic-11-25-5-4-15-1.0
3,logarithmic,logarithmic,11,25,5,4,15,1.2,49,0.4126081582200247,-0.27072957997472735,2.5,16005.749999999998,logarithmic-11-25-5-4-15-1.2
4,logarithmic,logarithmic,11,25,5,4,15,1.4,49,0.41631644004944374,-0.28357374787945633,2.5,15740.939999999999,logarithmic-11-25-5-4-15-1.4
5,logarithmic,logarithmic,11,25,5,4,15,1.6,50,0.43016069221260816,-0.30447010162615024,2.3333333333333335,14894.059999999994,logarithmic-11-25-5-4-15-1.6
6,logarithmic,logarithmic,11,25,5,4,15,1.8,52,0.4407911001236094,-0.38372269167693035,2.25,13425.330000000004,logarithmic-11-25-5-4-15-1.8
7,logarithmic,logarithmic,11,25,5,4,15,2.0,52,0.44796044499381954,-0.4995958852746992,2.466666666666667,10955.660000000002,logarithmic-11-25-5-4-15-2.0
8,logarithmic,logarithmic,11,25,7,1,6,1.0,90,0.45414091470951795,-0.4366900794828696,2.6,16493.009999999987,logarithmic-11-25-7-1-6-1.0
9,logarithmic,logarithmic,11,25,7,1,6,1.2,88,0.4810877626699629,-0.44344144141018665,3.1904761904761907,18460.379999999997,logarithmic-11-25-7-1-6-1.2
10,logarithmic,logarithmic,11,25,7,1,6,1.4,87,0.49147095179233624,-0.4002412873748248,3.35,19664.66,logarithmic-11-25-7-1-6-1.4
11,logarithmic,logarithmic,11,25,7,1,6,1.6,91,0.5043263288009888,-0.3462898813684864,3.1363636363636362,21436.120000000006,logarithmic-11-25-7-1-6-1.6
12,logarithmic,logarithmic,11,25,7,1,6,1.8,94,0.5186650185414091,-0.4134947466656025,2.76,18367.29,logarithmic-11-25-7-1-6-1.8
13,logarithmic,logarithmic,11,25,7,1,6,2.0,94,0.527070457354759,-0.4106065836240287,2.76,19928.43000000001,logarithmic-11-25-7-1-6-2.0
14,logarithmic,logarithmic,11,25,7,1,9,1.0,80,0.453646477132262,-0.3791332991677758,3.7058823529411766,19513.82999999999,logarithmic-11-25-7-1-9-1.0
15,logarithmic,logarithmic,11,25,7,1,9,1.2,81,0.47416563658838073,-0.3533255506157082,4.0625,21426.41,logarithmic-11-25-7-1-9-1.2
16,logarithmic,logarithmic,11,25,7,1,9,1.4,83,0.4865265760197775,-0.3443427564350525,3.611111111111111,22909.20000000001,logarithmic-11-25-7-1-9-1.4
17,logarithmic,logarithmic,11,25,7,1,9,1.6,84,0.4941903584672435,-0.3972134864204298,3.6666666666666665,20160.839999999993,logarithmic-11-25-7-1-9-1.6
18,logarithmic,logarithmic,11,25,7,1,9,1.8,86,0.507540173053152,-0.46734554398941164,3.0952380952380953,16697.580000000005,logarithmic-11-25-7-1-9-1.8
19,logarithmic,logarithmic,11,25,7,1,9,2.0,92,0.5211372064276885,-0.4445594120289823,3.0,18492.609999999997,logarithmic-11-25-7-1-9-2.0
20,logarithmic,logarithmic,11,25,7,1,12,1.0,79,0.45315203955500616,-0.36454736675001026,3.6470588235294117,20450.739999999987,logarithmic-11-25-7-1-12-1.0
21,logarithmic,logarithmic,11,25,7,1,12,1.2,82,0.4739184177997528,-0.3618859617929859,3.5555555555555554,21153.28,logarithmic-11-25-7-1-12-1.2
22,logarithmic,logarithmic,11,25,7,1,12,1.4,82,0.4872682323856613,-0.30563530046436105,4.125,24074.75,logarithmic-11-25-7-1-12-1.4
23,logarithmic,logarithmic,11,25,7,1,12,1.6,86,0.49938195302843014,-0.394136248440999,3.3,19601.32,logarithmic-11-25-7-1-12-1.6
24,logarithmic,logarithmic,11,25,7,1,12,1.8,84,0.5087762669962917,-0.49079777481348363,3.2,16477.33000000001,logarithmic-11-25-7-1-12-1.8
25,logarithmic,logarithmic,11,25,7,1,12,2.0,88,0.5196538936959209,-0.4947475329189873,3.4,16488.470000000012,logarithmic-11-25-7-1-12-2.0
26,logarithmic,logarithmic,11,25,7,1,15,1.0,78,0.4573547589616811,-0.3498570395716538,4.2,21271.81999999999,logarithmic-11-25-7-1-15-1.0
27,logarithmic,logarithmic,11,25,7,1,15,1.2,81,0.47787391841779975,-0.30563530046436105,4.0625,22803.050000000017,logarithmic-11-25-7-1-15-1.2
28,logarithmic,logarithmic,11,25,7,1,15,1.4,82,0.48677379480840544,-0.3179546601768285,3.823529411764706,22873.820000000003,logarithmic-11-25-7-1-15-1.4
29,logarithmic,logarithmic,11,25,7,1,15,1.6,84,0.5035846724351051,-0.4084643125391378,3.0,18922.98000000001,logarithmic-11-25-7-1-15-1.6
30,logarithmic,logarithmic,11,25,7,1,15,1.8,83,0.5097651421508035,-0.47119642804484385,3.611111111111111,17060.17,logarithmic-11-25-7-1-15-1.8
31,logarithmic,logarithmic,11,25,7,1,15,2.0,89,0.5295426452410383,-0.527198169615831,3.45,15346.420000000002,logarithmic-11-25-7-1-15-2.0
32,logarithmic,logarithmic,11,25,7,2,6,1.0,85,0.44351050679851667,-0.3808809084891498,3.0476190476190474,15924.239999999983,logarithmic-11-25-7-2-6-1.0
33,logarithmic,logarithmic,11,25,7,2,6,1.2,82,0.47342398022249693,-0.3712585040106335,3.823529411764706,18852.42,logarithmic-11-25-7-2-6-1.2
34,logarithmic,logarithmic,11,25,7,2,6,1.4,81,0.48331273176761436,-0.33738217982108915,3.263157894736842,19449.699999999997,logarithmic-11-25-7-2-6-1.4
35,logarithmic,logarithmic,11,25,7,2,6,1.6,84,0.4927070457354759,-0.30576732238753623,3.2,20068.479999999985,logarithmic-11-25-7-2-6-1.6
36,logarithmic,logarithmic,11,25,7,2,6,1.8,87,0.5048207663782448,-0.34641909054106873,2.625,18026.909999999996,logarithmic-11-25-7-2-6-1.8
37,logarithmic,logarithmic,11,25,7,2,6,2.0,88,0.5164400494437578,-0.36974757552851173,2.6666666666666665,19391.289999999983,logarithmic-11-25-7-2-6-2.0
38,logarithmic,logarithmic,11,25,7,2,9,1.0,78,0.44400494437577254,-0.35358682061956204,3.588235294117647,17925.519999999997,logarithmic-11-25-7-2-9-1.0
39,logarithmic,logarithmic,11,25,7,2,9,1.2,78,0.4665018541409147,-0.33019653713462843,3.875,19560.500000000004,logarithmic-11-25-7-2-9-1.2
40,logarithmic,logarithmic,11,25,7,2,9,1.4,79,0.4758961681087763,-0.30846137862596,3.388888888888889,20760.109999999957,logarithmic-11-25-7-2-9-1.4
41,logarithmic,logarithmic,11,25,7,2,9,1.6,80,0.48182941903584675,-0.3451849118520567,3.210526315789474,19146.299999999992,logarithmic-11-25-7-2-9-1.6
42,logarithmic,logarithmic,11,25,7,2,9,1.8,80,0.49666254635352286,-0.3582575331472813,3.210526315789474,18772.460000000003,logarithmic-11-25-7-2-9-1.8
43,logarithmic,logarithmic,11,25,7,2,9,2.0,85,0.5085290482076638,-0.3670857619844308,2.8636363636363638,17762.039999999994,logarithmic-11-25-7-2-9-2.0
44,logarithmic,logarithmic,11,25,7,2,12,1.0,77,0.44598269468479607,-0.337349041496348,3.8125,18531.899999999994,logarithmic-11-25-7-2-12-1.0
45,logarithmic,logarithmic,11,25,7,2,12,1.2,79,0.465512978986403,-0.3530969107916305,3.1578947368421053,18756.949999999993,logarithmic-11-25-7-2-12-1.2
46,logarithmic,logarithmic,11,25,7,2,12,1.4,78,0.4783683559950556,-0.2955920654311747,3.588235294117647,21430.269999999993,logarithmic-11-25-7-2-12-1.4
47,logarithmic,logarithmic,11,25,7,2,12,1.6,81,0.4894932014833127,-0.3560506998455936,3.05,18340.22000000001,logarithmic-11-25-7-2-12-1.6
48,logarithmic,logarithmic,11,25,7,2,12,1.8,80,0.4954264524103832,-0.40424278032335875,3.0,17028.65,logarithmic-11-25-7-2-12-1.8
49,logarithmic,logarithmic,11,25,7,2,12,2.0,84,0.5060568603213844,-0.4745632010546947,2.8181818181818183,15204.099999999999,logarithmic-11-25-7-2-12-2.0
50,logarithmic,logarithmic,11,25,7,2,15,1.0,77,0.4504326328800989,-0.3220695868994356,3.8125,19281.739999999976,logarithmic-11-25-7-2-15-1.0
51,logarithmic,logarithmic,11,25,7,2,15,1.2,77,0.4699629171817058,-0.2955920654311747,3.8125,21253.259999999995,logarithmic-11-25-7-2-15-1.2
52,logarithmic,logarithmic,11,25,7,2,15,1.4,79,0.4783683559950556,-0.307981320732411,3.388888888888889,19619.089999999993,logarithmic-11-25-7-2-15-1.4
53,logarithmic,logarithmic,11,25,7,2,15,1.6,80,0.4917181705809642,-0.327995973245729,3.0,19050.01999999999,logarithmic-11-25-7-2-15-1.6
54,logarithmic,logarithmic,11,25,7,2,15,1.8,80,0.4976514215080346,-0.40424278032335875,3.0,16899.99,logarithmic-11-25-7-2-15-1.8
55,logarithmic,logarithmic,11,25,7,2,15,2.0,84,0.5164400494437578,-0.506967108869249,3.2,13899.839999999997,logarithmic-11-25-7-2-15-2.0
56,logarithmic,logarithmic,11,25,7,3,6,1.0,74,0.41755253399258346,-0.41317023643443407,1.96,10893.270000000002,logarithmic-11-25-7-3-6-1.0
57,logarithmic,logarithmic,11,25,7,3,6,1.2,78,0.46749072929542645,-0.41073677623258364,2.7142857142857144,15099.680000000008,logarithmic-11-25-7-3-6-1.2
58,logarithmic,logarithmic,11,25,7,3,6,1.4,78,0.4813349814585908,-0.3793473373667895,2.7142857142857144,15811.170000000004,logarithmic-11-25-7-3-6-1.4
59,logarithmic,logarithmic,11,25,7,3,6,1.6,81,0.488504326328801,-0.33500473725127217,2.5217391304347827,16793.539999999997,logarithmic-11-25-7-3-6-1.6
60,logarithmic,logarithmic,11,25,7,3,6,1.8,84,0.5016069221260816,-0.3873239745231415,2.0,14550.739999999994,logarithmic-11-25-7-3-6-1.8
61,logarithmic,logarithmic,11,25,7,3,6,2.0,85,0.5127317676143387,-0.40774893357067793,2.1481481481481484,16017.000000000005,logarithmic-11-25-7-3-6-2.0
62,logarithmic,logarithmic,11,25,7,3,9,1.0,70,0.42398022249690975,-0.3986600722025458,2.5,13170.029999999988,logarithmic-11-25-7-3-9-1.0
63,logarithmic,logarithmic,11,25,7,3,9,1.2,73,0.45834363411619283,-0.37824475418442594,2.8421052631578947,15486.390000000009,logarithmic-11-25-7-3-9-1.2
64,logarithmic,logarithmic,11,25,7,3,9,1.4,75,0.47045735475896167,-0.35335950434591323,2.5714285714285716,16791.72,logarithmic-11-25-7-3-9-1.4
65,logarithmic,logarithmic,11,25,7,3,9,1.6,76,0.4758961681087763,-0.3851503606183231,2.4545454545454546,15377.370000000003,logarithmic-11-25-7-3-9-1.6
66,logarithmic,logarithmic,11,25,7,3,9,1.8,77,0.4927070457354759,-0.39734538637301836,2.347826086956522,15061.64999999999,logarithmic-11-25-7-3-9-1.8
67,logarithmic,logarithmic,11,25,7,3,9,2.0,81,0.5045735475896168,-0.4066367093588977,2.24,14646.44,logarithmic-11-25-7-3-9-2.0
68,logarithmic,logarithmic,11,25,7,3,12,1.0,70,0.42941903584672436,-0.3839303321685218,2.5,14341.079999999989,logarithmic-11-25-7-3-12-1.0
69,logarithmic,logarithmic,11,25,7,3,12,1.2,73,0.45241038318912236,-0.3793473373667895,2.4761904761904763,14670.229999999994,logarithmic-11-25-7-3-12-1.2
70,logarithmic,logarithmic,11,25,7,3,12,1.4,74,0.473176761433869,-0.3414607211314711,2.7,17270.450000000008,logarithmic-11-25-7-3-12-1.4
71,logarithmic,logarithmic,11,25,7,3,12,1.6,77,0.48553770086526576,-0.39734538637301836,2.5,14911.889999999998,logarithmic-11-25-7-3-12-1.6
72,logarithmic,logarithmic,11,25,7,3,12,1.8,75,0.4907292954264524,-0.443385684123065,2.5714285714285716,14113.629999999988,logarithmic-11-25-7-3-12-1.8
73,logarithmic,logarithmic,11,25,7,3,12,2.0,80,0.5018541409147095,-0.508660712016316,2.2,12487.499999999998,logarithmic-11-25-7-3-12-2.0
74,logarithmic,logarithmic,11,25,7,3,15,1.0,70,0.4338689740420272,-0.368445962468349,2.6842105263157894,14621.919999999996,logarithmic-11-25-7-3-15-1.0
75,logarithmic,logarithmic,11,25,7,3,15,1.2,71,0.45710754017305316,-0.3414607211314711,2.736842105263158,16187.640000000003,logarithmic-11-25-7-3-15-1.2
76,logarithmic,logarithmic,11,25,7,3,15,1.4,73,0.46946847960444993,-0.352903746591677,2.65,15632.980000000007,logarithmic-11-25-7-3-15-1.4
77,logarithmic,logarithmic,11,25,7,3,15,1.6,75,0.4872682323856613,-0.37150918045114767,2.5714285714285716,15914.559999999998,logarithmic-11-25-7-3-15-1.6
78,logarithmic,logarithmic,11,25,7,3,15,1.8,76,0.49295426452410385,-0.443385684123065,2.4545454545454546,14017.24999999999,logarithmic-11-25-7-3-15-1.8
79,logarithmic,logarithmic,11,25,7,3,15,2.0,81,0.5122373300370828,-0.5398599596654385,2.5217391304347827,11733.500000000002,logarithmic-11-25-7-3-15-2.0
80,logarithmic,logarithmic,11,25,7,4,6,1.0,63,0.3784919653893696,-0.48541126839956666,1.7391304347826086,10050.720000000018,logarithmic-11-25-7-4-6-1.0
81,logarithmic,logarithmic,11,25,7,4,6,1.2,64,0.41705809641532754,-0.4590611469941087,2.3684210526315788,13105.510000000011,logarithmic-11-25-7-4-6-1.2
82,logarithmic,logarithmic,11,25,7,4,6,1.4,66,0.4338689740420272,-0.4138068706082757,2.3,14700.55000000002,logarithmic-11-25-7-4-6-1.4
83,logarithmic,logarithmic,11,25,7,4,6,1.6,67,0.4393077873918418,-0.3704751934133011,2.1904761904761907,15267.260000000024,logarithmic-11-25-7-4-6-1.6
84,logarithmic,logarithmic,11,25,7,4,6,1.8,69,0.45166872682323855,-0.3767309603236565,1.875,14436.350000000011,logarithmic-11-25-7-4-6-1.8
85,logarithmic,logarithmic,11,25,7,4,6,2.0,70,0.46131025957972804,-0.37353076868478946,2.0434782608695654,15714.130000000014,logarithmic-11-25-7-4-6-2.0
86,logarithmic,logarithmic,11,25,7,4,9,1.0,58,0.3792336217552534,-0.4586167707679854,2.2222222222222223,11338.350000000015,logarithmic-11-25-7-4-9-1.0
87,logarithmic,logarithmic,11,25,7,4,9,1.2,61,0.41755253399258346,-0.4138068706082757,2.8125,14793.810000000014,logarithmic-11-25-7-4-9-1.2
88,logarithmic,logarithmic,11,25,7,4,9,1.4,62,0.42991347342398023,-0.3767309603236565,2.6470588235294117,16596.620000000006,logarithmic-11-25-7-4-9-1.4
89,logarithmic,logarithmic,11,25,7,4,9,1.6,62,0.43090234857849197,-0.3767309603236565,2.6470588235294117,16136.73000000001,logarithmic-11-25-7-4-9-1.6
90,logarithmic,logarithmic,11,25,7,4,9,1.8,62,0.44177997527812113,-0.38773245084817903,2.4444444444444446,15135.010000000018,logarithmic-11-25-7-4-9-1.8
91,logarithmic,logarithmic,11,25,7,4,9,2.0,66,0.4546353522867738,-0.4018019376818791,2.142857142857143,14187.820000000022,logarithmic-11-25-7-4-9-2.0
92,logarithmic,logarithmic,11,25,7,4,12,1.0,58,0.3849196538936959,-0.44323796015965217,2.2222222222222223,12327.140000000007,logarithmic-11-25-7-4-12-1.0
93,logarithmic,logarithmic,11,25,7,4,12,1.2,60,0.40840543881334984,-0.4138068706082757,2.75,14078.330000000013,logarithmic-11-25-7-4-12-1.2
94,logarithmic,logarithmic,11,25,7,4,12,1.4,61,0.4296662546353523,-0.3767309603236565,2.8125,16764.470000000012,logarithmic-11-25-7-4-12-1.4
95,logarithmic,logarithmic,11,25,7,4,12,1.6,62,0.4353522867737948,-0.38773245084817903,2.6470588235294117,15259.740000000018,logarithmic-11-25-7-4-12-1.6
96,logarithmic,logarithmic,11,25,7,4,12,1.8,61,0.4410383189122373,-0.4741553694371493,2.588235294117647,13388.820000000016,logarithmic-11-25-7-4-12-1.8
97,logarithmic,logarithmic,11,25,7,4,12,2.0,66,0.4526576019777503,-0.5164907019660726,2.3,12109.450000000015,logarithmic-11-25-7-4-12-2.0
98,logarithmic,logarithmic,11,25,7,4,15,1.0,57,0.38640296662546353,-0.4311894825846218,2.5625,12584.080000000013,logarithmic-11-25-7-4-15-1.0
99,logarithmic,logarithmic,11,25,7,4,15,1.2,58,0.4131025957972806,-0.3767309603236565,2.8666666666666667,15403.040000000008,logarithmic-11-25-7-4-15-1.2
0,logarithmic,logarithmic,11,25,7,4,15,1.4,60,0.4257107540173053,-0.38773245084817903,2.75,15172.280000000015,logarithmic-11-25-7-4-15-1.4
1,logarithmic,logarithmic,11,25,7,4,15,1.6,61,0.43757725587144625,-0.4051582795088364,2.588235294117647,15127.36000000002,logarithmic-11-25-7-4-15-1.6
2,logarithmic,logarithmic,11,25,7,4,15,1.8,62,0.4430160692212608,-0.4741553694371493,2.4444444444444446,13271.270000000017,logarithmic-11-25-7-4-15-1.8
3,logarithmic,logarithmic,11,25,7,4,15,2.0,66,0.4630407911001236,-0.5702143516218323,2.3,10519.860000000017,logarithmic-11-25-7-4-15-2.0
4,logarithmic,logarithmic,11,25,9,1,6,1.0,83,0.4529048207663782,-0.4740314731276869,2.074074074074074,14008.589999999998,logarithmic-11-25-9-1-6-1.0
5,logarithmic,logarithmic,11,25,9,1,6,1.2,81,0.4823238566131026,-0.48657144231403004,2.5217391304347827,14857.019999999999,logarithmic-11-25-9-1-6-1.2
6,logarithmic,logarithmic,11,25,9,1,6,1.4,80,0.4907292954264524,-0.4447385813614187,2.4782608695652173,15664.779999999992,logarithmic-11-25-9-1-6-1.4
7,logarithmic,logarithmic,11,25,9,1,6,1.6,84,0.5028430160692212,-0.416804580460006,2.36,16163.279999999995,logarithmic-11-25-9-1-6-1.6
8,logarithmic,logarithmic,11,25,9,1,6,1.8,84,0.5132262051915946,-0.45160339259024385,2.5,15235.739999999996,logarithmic-11-25-9-1-6-1.8
9,logarithmic,logarithmic,11,25,9,1,6,2.0,84,0.5265760197775031,-0.4614859773292883,2.5,16417.339999999997,logarithmic-11-25-9-1-6-2.0
10,logarithmic,logarithmic,11,25,9,1,9,1.0,74,0.4496909765142151,-0.42304993257144713,2.8947368421052633,16177.119999999984,logarithmic-11-25-9-1-9-1.0
11,logarithmic,logarithmic,11,25,9,1,9,1.2,75,0.47490729295426454,-0.39822674630928445,3.1666666666666665,18210.12999999999,logarithmic-11-25-9-1-9-1.2
12,logarithmic,logarithmic,11,25,9,1,9,1.4,77,0.4892459826946848,-0.39936063818605805,2.6666666666666665,18298.950000000004,logarithmic-11-25-9-1-9-1.4
13,logarithmic,logarithmic,11,25,9,1,9,1.6,76,0.4939431396786156,-0.44743569416807266,2.8,16513.499999999993,logarithmic-11-25-9-1-9-1.6
14,logarithmic,logarithmic,11,25,9,1,9,1.8,77,0.5067985166872683,-0.47952136045647836,2.85,14680.579999999994,logarithmic-11-25-9-1-9-1.8
15,logarithmic,logarithmic,11,25,9,1,9,2.0,84,0.5236093943139679,-0.49340864109338184,2.36,14537.139999999994,logarithmic-11-25-9-1-9-2.0
16,logarithmic,logarithmic,11,25,9,1,12,1.0,73,0.4496909765142151,-0.4082697000359738,2.8421052631578947,16995.21999999999,logarithmic-11-25-9-1-12-1.0
17,logarithmic,logarithmic,11,25,9,1,12,1.2,76,0.4721878862793572,-0.40591369595308424,3.0,17630.779999999995,logarithmic-11-25-9-1-12-1.2
18,logarithmic,logarithmic,11,25,9,1,12,1.4,73,0.48331273176761436,-0.3535631639235332,3.5625,20692.889999999992,logarithmic-11-25-9-1-12-1.4
19,logarithmic,logarithmic,11,25,9,1,12,1.6,78,0.4954264524103832,-0.4346404413716441,2.9,16800.019999999997,logarithmic-11-25-9-1-12-1.6
20,logarithmic,logarithmic,11,25,9,1,12,1.8,76,0.5082818294190359,-0.5506777520259523,2.619047619047619,13581.079999999987,logarithmic-11-25-9-1-12-1.8
21,logarithmic,logarithmic,11,25,9,1,12,2.0,80,0.5201483312731767,-0.5367254485241593,2.6363636363636362,13577.22,logarithmic-11-25-9-1-12-2.0
22,logarithmic,logarithmic,11,25,9,1,15,1.0,72,0.45488257107540175,-0.396369136329725,3.0,17506.369999999977,logarithmic-11-25-9-1-15-1.0
23,logarithmic,logarithmic,11,25,9,1,15,1.2,73,0.47564894932014834,-0.3535631639235332,3.2941176470588234,19344.369999999988,logarithmic-11-25-9-1-15-1.2
24,logarithmic,logarithmic,11,25,9,1,15,1.4,76,0.48405438813349816,-0.3649003012429168,3.0,18230.22,logarithmic-11-25-9-1-15-1.4
25,logarithmic,logarithmic,11,25,9,1,15,1.6,76,0.5003708281829419,-0.41325860751308036,2.619047619047619,17409.589999999993,logarithmic-11-25-9-1-15-1.6
26,logarithmic,logarithmic,11,25,9,1,15,1.8,75,0.5067985166872683,-0.4535852538831121,2.9473684210526314,16421.359999999993,logarithmic-11-25-9-1-15-1.8
27,logarithmic,logarithmic,11,25,9,1,15,2.0,81,0.5273176761433869,-0.5660676843487291,2.5217391304347827,12574.149999999998,logarithmic-11-25-9-1-15-2.0
28,logarithmic,logarithmic,11,25,9,2,6,1.0,83,0.4469715698393078,-0.46361637122551896,2.4583333333333335,12340.549999999983,logarithmic-11-25-9-2-6-1.0
29,logarithmic,logarithmic,11,25,9,2,6,1.2,79,0.4773794808405439,-0.4710261955951254,2.95,13155.599999999997,logarithmic-11-25-9-2-6-1.2
30,logarithmic,logarithmic,11,25,9,2,6,1.4,78,0.4850432632880099,-0.4264856870518447,2.7142857142857144,13853.150000000003,logarithmic-11-25-9-2-6-1.4
31,logarithmic,logarithmic,11,25,9,2,6,1.6,82,0.49592088998763906,-0.3905422310789935,2.5652173913043477,14339.389999999998,logarithmic-11-25-9-2-6-1.6
32,logarithmic,logarithmic,11,25,9,2,6,1.8,82,0.5063040791100124,-0.42633126549385986,2.5652173913043477,13661.909999999998,logarithmic-11-25-9-2-6-1.8
33,logarithmic,logarithmic,11,25,9,2,6,2.0,83,0.5166872682323856,-0.42288159818959126,2.772727272727273,15361.520000000002,logarithmic-11-25-9-2-6-2.0
34,logarithmic,logarithmic,11,25,9,2,9,1.0,73,0.4430160692212608,-0.41186343619218524,3.2941176470588234,13827.17000000001,logarithmic-11-25-9-2-9-1.0
35,logarithmic,logarithmic,11,25,9,2,9,1.2,74,0.46971569839307786,-0.39119208846884634,3.625,15455.369999999995,logarithmic-11-25-9-2-9-1.2
36,logarithmic,logarithmic,11,25,9,2,9,1.4,75,0.48182941903584675,-0.3709251781592771,2.9473684210526314,16160.21999999999,logarithmic-11-25-9-2-9-1.4
37,logarithmic,logarithmic,11,25,9,2,9,1.6,75,0.4865265760197775,-0.4220240070372114,2.9473684210526314,14552.659999999987,logarithmic-11-25-9-2-9-1.6
38,logarithmic,logarithmic,11,25,9,2,9,1.8,75,0.4983930778739184,-0.43622803284399514,3.1666666666666665,13819.369999999994,logarithmic-11-25-9-2-9-1.8
39,logarithmic,logarithmic,11,25,9,2,9,2.0,82,0.5122373300370828,-0.421737224143811,2.5652173913043477,13693.7,logarithmic-11-25-9-2-9-2.0
40,logarithmic,logarithmic,11,25,9,2,12,1.0,72,0.4415327564894932,-0.39736619326041883,3.5,14292.38999999999,logarithmic-11-25-9-2-12-1.0
41,logarithmic,logarithmic,11,25,9,2,12,1.2,74,0.46526576019777505,-0.41113452967145964,3.111111111111111,14279.089999999998,logarithmic-11-25-9-2-12-1.2
42,logarithmic,logarithmic,11,25,9,2,12,1.4,73,0.4766378244746601,-0.3595503758970012,3.5625,16701.05999999999,logarithmic-11-25-9-2-12-1.4
43,logarithmic,logarithmic,11,25,9,2,12,1.6,77,0.488504326328801,-0.44113918989347706,2.85,13549.66999999999,logarithmic-11-25-9-2-12-1.6
44,logarithmic,logarithmic,11,25,9,2,12,1.8,75,0.49592088998763906,-0.4597580177419344,2.9473684210526314,13405.759999999995,logarithmic-11-25-9-2-12-1.8
45,logarithmic,logarithmic,11,25,9,2,12,2.0,79,0.5070457354758962,-0.5047424882644217,2.761904761904762,12003.099999999997,logarithmic-11-25-9-2-12-2.0
46,logarithmic,logarithmic,11,25,9,2,15,1.0,72,0.44672435105067987,-0.38406295987521305,3.5,14687.269999999995,logarithmic-11-25-9-2-15-1.0
47,logarithmic,logarithmic,11,25,9,2,15,1.2,72,0.46971569839307786,-0.3595503758970012,3.8,16206.049999999987,logarithmic-11-25-9-2-15-1.2
48,logarithmic,logarithmic,11,25,9,2,15,1.4,75,0.47713226205191595,-0.3705804871816324,3.1666666666666665,14373.840000000002,logarithmic-11-25-9-2-15-1.4
49,logarithmic,logarithmic,11,25,9,2,15,1.6,76,0.4912237330037083,-0.4181046408274059,2.8,14123.679999999998,logarithmic-11-25-9-2-15-1.6
50,logarithmic,logarithmic,11,25,9,2,15,1.8,75,0.49814585908529047,-0.4597580177419344,2.9473684210526314,13316.169999999993,logarithmic-11-25-9-2-15-1.8
51,logarithmic,logarithmic,11,25,9,2,15,2.0,79,0.5139678615574784,-0.5366967206559978,2.761904761904762,11058.749999999985,logarithmic-11-25-9-2-15-2.0
52,logarithmic,logarithmic,11,25,9,3,6,1.0,78,0.4326328800988875,-0.5150224798960095,2.12,10985.339999999997,logarithmic-11-25-9-3-6-1.0
53,logarithmic,logarithmic,11,25,9,3,6,1.2,76,0.4707045735475896,-0.5057422599524548,2.8,12906.800000000012,logarithmic-11-25-9-3-6-1.2
54,logarithmic,logarithmic,11,25,9,3,6,1.4,76,0.4820766378244747,-0.4701194393673383,2.619047619047619,13912.51000000001,logarithmic-11-25-9-3-6-1.4
55,logarithmic,logarithmic,11,25,9,3,6,1.6,80,0.4909765142150804,-0.4220013818537562,2.4782608695652173,15108.290000000005,logarithmic-11-25-9-3-6-1.6
56,logarithmic,logarithmic,11,25,9,3,6,1.8,80,0.5018541409147095,-0.47068965672554736,2.3333333333333335,13779.680000000002,logarithmic-11-25-9-3-6-1.8
57,logarithmic,logarithmic,11,25,9,3,6,2.0,81,0.5112484548825711,-0.4673485253170204,2.5217391304347827,15609.24999999999,logarithmic-11-25-9-3-6-2.0
58,logarithmic,logarithmic,11,25,9,3,9,1.0,69,0.43362175525339924,-0.46549464328985696,3.3125,13975.880000000003,logarithmic-11-25-9-3-9-1.0
59,logarithmic,logarithmic,11,25,9,3,9,1.2,70,0.4610630407911001,-0.44082666203046056,3.1176470588235294,14869.46000000001,logarithmic-11-25-9-3-9-1.2
60,logarithmic,logarithmic,11,25,9,3,9,1.4,73,0.4783683559950556,-0.4189773381388938,2.65,16249.739999999998,logarithmic-11-25-9-3-9-1.4
61,logarithmic,logarithmic,11,25,9,3,9,1.6,73,0.4820766378244747,-0.4650613501630032,2.65,14706.349999999995,logarithmic-11-25-9-3-9-1.6
62,logarithmic,logarithmic,11,25,9,3,9,1.8,73,0.49369592088998765,-0.4794663197919475,2.8421052631578947,13995.490000000003,logarithmic-11-25-9-3-9-1.8
63,logarithmic,logarithmic,11,25,9,3,9,2.0,79,0.5070457354758962,-0.4657306574254825,2.4347826086956523,14026.970000000003,logarithmic-11-25-9-3-9-2.0
64,logarithmic,logarithmic,11,25,9,3,12,1.0,67,0.42941903584672436,-0.45105994668963184,2.9411764705882355,14195.759999999998,logarithmic-11-25-9-3-12-1.0
65,logarithmic,logarithmic,11,25,9,3,12,1.2,70,0.4553770086526576,-0.4419139485254975,2.888888888888889,14503.49,logarithmic-11-25-9-3-12-1.2
66,logarithmic,logarithmic,11,25,9,3,12,1.4,70,0.4699629171817058,-0.40871702896037615,3.1176470588235294,16580.90999999999,logarithmic-11-25-9-3-12-1.4
67,logarithmic,logarithmic,11,25,9,3,12,1.6,74,0.4830655129789864,-0.48422173437960286,2.7,13833.279999999999,logarithmic-11-25-9-3-12-1.6
68,logarithmic,logarithmic,11,25,9,3,12,1.8,71,0.4899876390605686,-0.5010435968554271,2.9444444444444446,13906.950000000006,logarithmic-11-25-9-3-12-1.8
69,logarithmic,logarithmic,11,25,9,3,12,2.0,76,0.5016069221260816,-0.5418785464051536,2.8,12440.469999999998,logarithmic-11-25-9-3-12-2.0
70,logarithmic,logarithmic,11,25,9,3,15,1.0,67,0.4341161928306551,-0.4379485507200684,3.1875,14365.319999999998,logarithmic-11-25-9-3-15-1.0
71,logarithmic,logarithmic,11,25,9,3,15,1.2,68,0.4600741656365884,-0.40871702896037615,3.25,15995.79999999999,logarithmic-11-25-9-3-15-1.2
72,logarithmic,logarithmic,11,25,9,3,15,1.4,70,0.46674907292954265,-0.41862511857007884,2.888888888888889,14117.970000000007,logarithmic-11-25-9-3-15-1.4
73,logarithmic,logarithmic,11,25,9,3,15,1.6,72,0.4850432632880099,-0.4630507259236307,2.789473684210526,14728.140000000005,logarithmic-11-25-9-3-15-1.6
74,logarithmic,logarithmic,11,25,9,3,15,1.8,72,0.49221260815822004,-0.5010435968554271,2.789473684210526,13853.990000000007,logarithmic-11-25-9-3-15-1.8
75,logarithmic,logarithmic,11,25,9,3,15,2.0,77,0.5082818294190359,-0.571309148790698,2.6666666666666665,11689.100000000008,logarithmic-11-25-9-3-15-2.0
76,logarithmic,logarithmic,11,25,9,4,6,1.0,66,0.38813349814585907,-0.530643836072733,1.75,8781.330000000002,logarithmic-11-25-9-4-6-1.0
77,logarithmic,logarithmic,11,25,9,4,6,1.2,65,0.4355995055624227,-0.5203077059731374,2.0952380952380953,10371.790000000012,logarithmic-11-25-9-4-6-1.2
78,logarithmic,logarithmic,11,25,9,4,6,1.4,66,0.44252163164400493,-0.4829686557386755,1.8695652173913044,10478.270000000006,logarithmic-11-25-9-4-6-1.4
79,logarithmic,logarithmic,11,25,9,4,6,1.6,68,0.4519159456118665,-0.43638898861184383,1.8333333333333333,11441.930000000017,logarithmic-11-25-9-4-6-1.6
80,logarithmic,logarithmic,11,25,9,4,6,1.8,70,0.4679851668726823,-0.4700501123271143,1.9166666666666667,11118.780000000004,logarithmic-11-25-9-4-6-1.8
81,logarithmic,logarithmic,11,25,9,4,6,2.0,72,0.4761433868974042,-0.46884634316951196,2.272727272727273,12368.850000000008,logarithmic-11-25-9-4-6-2.0
82,logarithmic,logarithmic,11,25,9,4,9,1.0,59,0.384672435105068,-0.4831092959477112,2.1052631578947367,10283.400000000003,logarithmic-11-25-9-4-9-1.0
83,logarithmic,logarithmic,11,25,9,4,9,1.2,61,0.4274412855377009,-0.44490882443290514,2.588235294117647,12371.07000000001,logarithmic-11-25-9-4-9-1.2
84,logarithmic,logarithmic,11,25,9,4,9,1.4,62,0.4402966625463535,-0.4090640764194483,2.263157894736842,12972.98,logarithmic-11-25-9-4-9-1.4
85,logarithmic,logarithmic,11,25,9,4,9,1.6,63,0.4437577255871446,-0.4664563848804373,2.15,11371.030000000004,logarithmic-11-25-9-4-9-1.6
86,logarithmic,logarithmic,11,25,9,4,9,1.8,64,0.4610630407911001,-0.4807757787951574,2.3684210526315788,11057.980000000009,logarithmic-11-25-9-4-9-1.8
87,logarithmic,logarithmic,11,25,9,4,9,2.0,70,0.47367119901112487,-0.4932501952308164,2.0434782608695654,10523.710000000006,logarithmic-11-25-9-4-9-2.0
88,logarithmic,logarithmic,11,25,9,4,12,1.0,58,0.38368355995055625,-0.4702120336204115,2.0526315789473686,10765.960000000015,logarithmic-11-25-9-4-12-1.0
89,logarithmic,logarithmic,11,25,9,4,12,1.2,61,0.4222496909765142,-0.4560749168187182,2.388888888888889,11867.170000000004,logarithmic-11-25-9-4-12-1.2
90,logarithmic,logarithmic,11,25,9,4,12,1.4,60,0.4291718170580964,-0.4090640764194483,2.5294117647058822,13288.379999999988,logarithmic-11-25-9-4-12-1.4
91,logarithmic,logarithmic,11,25,9,4,12,1.6,63,0.4415327564894932,-0.4445572239103159,2.15,11275.150000000009,logarithmic-11-25-9-4-12-1.6
92,logarithmic,logarithmic,11,25,9,4,12,1.8,61,0.4514215080346106,-0.4999879715610692,2.388888888888889,10464.470000000005,logarithmic-11-25-9-4-12-1.8
93,logarithmic,logarithmic,11,25,9,4,12,2.0,66,0.4684796044499382,-0.5423086460419033,2.3,9749.710000000008,logarithmic-11-25-9-4-12-2.0
94,logarithmic,logarithmic,11,25,9,4,15,1.0,57,0.39555006180469715,-0.4573721376941662,2.3529411764705883,10719.41000000001,logarithmic-11-25-9-4-15-1.0
95,logarithmic,logarithmic,11,25,9,4,15,1.2,59,0.4237330037082818,-0.4090640764194483,2.6875,13299.229999999989,logarithmic-11-25-9-4-15-1.2
96,logarithmic,logarithmic,11,25,9,4,15,1.4,61,0.43090234857849197,-0.4186831265058679,2.388888888888889,11839.620000000008,logarithmic-11-25-9-4-15-1.4
97,logarithmic,logarithmic,11,25,9,4,15,1.6,62,0.44400494437577254,-0.46305603772118453,2.263157894736842,11118.340000000004,logarithmic-11-25-9-4-15-1.6
98,logarithmic,logarithmic,11,25,9,4,15,1.8,62,0.4533992583436341,-0.4999879715610692,2.263157894736842,10374.430000000008,logarithmic-11-25-9-4-15-1.8
99,logarithmic,logarithmic,11,25,9,4,15,2.0,67,0.47441285537700867,-0.5921470948544187,2.1904761904761907,8730.670000000002,logarithmic-11-25-9-4-15-2.0
