,avgType,windowSlow,windowFast,steepness,fast,slow,sig,delay,numBuy,numSell,avgEarn,value
0,exponential,50,10,2,4,25,2,2,0,0,,10000.0
1,exponential,50,10,3,4,25,2,2,0,0,,10000.0
2,exponential,50,10,4,4,25,2,2,0,0,,10000.0
3,exponential,50,10,5,4,25,2,2,0,0,,10000.0
4,exponential,50,10,1,4,25,2,3,0,0,,10000.0
5,exponential,50,10,2,4,25,2,3,0,0,,10000.0
6,exponential,50,10,3,4,25,2,3,0,0,,10000.0
7,exponential,50,10,4,4,25,2,3,0,0,,10000.0
8,exponential,50,10,5,4,25,2,3,0,0,,10000.0
9,exponential,50,10,1,4,25,2,4,0,0,,10000.0
10,exponential,50,10,2,4,25,2,4,0,0,,10000.0
11,exponential,50,10,3,4,25,2,4,0,0,,10000.0
12,exponential,50,10,4,4,25,2,4,0,0,,10000.0
13,exponential,50,10,5,4,25,2,4,0,0,,10000.0
14,exponential,50,10,1,4,25,2,5,0,0,,10000.0
15,exponential,50,10,2,4,25,2,5,0,0,,10000.0
16,exponential,50,10,3,4,25,2,5,0,0,,10000.0
17,exponential,50,10,4,4,25,2,5,0,0,,10000.0
18,exponential,50,10,5,4,25,2,5,0,0,,10000.0
19,exponential,50,10,1,4,25,2,6,0,0,,10000.0
20,exponential,50,10,2,4,25,2,6,0,0,,10000.0
21,exponential,50,10,3,4,25,2,6,0,0,,10000.0
22,exponential,50,10,4,4,25,2,6,0,0,,10000.0
23,exponential,50,10,5,4,25,2,6,0,0,,10000.0
24,exponential,50,10,1,4,25,4,1,255,254,0.0041123462920288735,23775.62000000003
25,exponential,50,10,2,4,25,4,1,229,228,0.0047172188572765,25266.27999999999
26,exponential,50,10,3,4,25,4,1,225,224,0.004881881629205681,26390.219999999972
27,exponential,50,10,4,4,25,4,1,223,222,0.005412612298257397,29418.369999999955
28,exponential,50,10,5,4,25,4,1,222,221,0.005477280578627053,29746.81999999998
29,exponential,50,10,1,4,25,4,2,157,156,0.0066560852542506274,24593.01000000003
30,exponential,50,10,2,4,25,4,2,149,148,0.008024032493965865,28142.829999999998
31,exponential,50,10,3,4,25,4,2,146,146,0.008756622711205139,32478.75999999998
32,exponential,50,10,4,4,25,4,2,143,143,0.009249281663391605,34234.58999999998
33,exponential,50,10,5,4,25,4,2,143,143,0.009640216242263359,36115.950000000004
34,exponential,50,10,1,4,25,4,3,51,51,0.004183527759880018,12002.810000000005
35,exponential,50,10,2,4,25,4,3,48,48,0.003153482639660196,11301.990000000002
36,exponential,50,10,3,4,25,4,3,48,48,0.004729030344036689,12217.290000000014
37,exponential,50,10,4,4,25,4,3,50,50,0.005131451285351565,12578.900000000007
38,exponential,50,10,5,4,25,4,3,50,50,0.005854363545249275,13038.060000000012
39,exponential,50,10,1,4,25,4,4,6,6,0.01528535877097058,10880.710000000003
40,exponential,50,10,2,4,25,4,4,6,6,0.01443391184684821,10812.330000000004
41,exponential,50,10,3,4,25,4,4,6,6,0.01375702839801214,10757.470000000001
42,exponential,50,10,4,4,25,4,4,6,6,0.01375702839801214,10757.470000000001
43,exponential,50,10,5,4,25,4,4,6,6,0.012515012784101552,10687.440000000002
44,exponential,50,10,1,4,25,4,5,1,1,-0.0021591839773657364,9978.54
45,exponential,50,10,2,4,25,4,5,1,1,-0.0021591839773657364,9978.54
46,exponential,50,10,3,4,25,4,5,1,1,-0.0027548209366391524,9972.619999999999
47,exponential,50,10,4,4,25,4,5,1,1,-0.0027548209366391524,9972.619999999999
48,exponential,50,10,5,4,25,4,5,1,1,-0.0027548209366391524,9972.619999999999
49,exponential,50,10,1,4,25,4,6,0,0,,10000.0
50,exponential,50,10,2,4,25,4,6,0,0,,10000.0
51,exponential,50,10,3,4,25,4,6,0,0,,10000.0
52,exponential,50,10,4,4,25,4,6,0,0,,10000.0
53,exponential,50,10,5,4,25,4,6,0,0,,10000.0
54,exponential,50,10,1,4,25,6,1,232,231,0.0039989367276803784,21896.379999999983
55,exponential,50,10,2,4,25,6,1,214,213,0.004177824938903593,21066.589999999986
56,exponential,50,10,3,4,25,6,1,208,207,0.004399615723522826,22060.049999999996
57,exponential,50,10,4,4,25,6,1,204,203,0.0051286110570890305,25202.38000000002
58,exponential,50,10,5,4,25,6,1,203,202,0.005195392841727851,25495.370000000006
59,exponential,50,10,1,4,25,6,2,160,160,0.004309234213742098,18122.180000000004
60,exponential,50,10,2,4,25,6,2,153,153,0.00485094839137464,18943.76999999997
61,exponential,50,10,3,4,25,6,2,151,151,0.004603274924620473,18047.09999999999
62,exponential,50,10,4,4,25,6,2,149,149,0.004634719775119279,18136.87
63,exponential,50,10,5,4,25,6,2,148,148,0.00483009692677606,18598.379999999986
64,exponential,50,10,1,4,25,6,3,54,54,-0.0008049665134205399,8671.540000000005
65,exponential,50,10,2,4,25,6,3,52,52,-0.0014082512806884147,8314.61000000001
66,exponential,50,10,3,4,25,6,3,55,55,0.004510112177997019,12262.370000000003
67,exponential,50,10,4,4,25,6,3,55,55,0.005498702994663011,12944.91
68,exponential,50,10,5,4,25,6,3,55,55,0.005787721626848222,13258.290000000005
69,exponential,50,10,1,4,25,6,4,11,11,0.000979609651971707,9696.53
70,exponential,50,10,2,4,25,6,4,10,10,-0.003457315209999193,9273.570000000002
71,exponential,50,10,3,4,25,6,4,11,11,0.015106739828904037,11606.03
72,exponential,50,10,4,4,25,6,4,11,11,0.015106739828904037,11606.03
73,exponential,50,10,5,4,25,6,4,12,12,0.01405719091768777,11625.360000000002
74,exponential,50,10,1,4,25,6,5,3,3,0.039116060886032575,11193.290000000005
75,exponential,50,10,2,4,25,6,5,3,3,0.015756922761768835,10469.480000000001
76,exponential,50,10,3,4,25,6,5,3,3,0.06134439025870756,11887.819999999998
77,exponential,50,10,4,4,25,6,5,3,3,0.06134439025870756,11887.819999999998
78,exponential,50,10,5,4,25,6,5,3,3,0.06134439025870756,11887.819999999998
79,exponential,50,10,1,4,25,6,6,0,0,,10000.0
80,exponential,50,10,2,4,25,6,6,0,0,,10000.0
81,exponential,50,10,3,4,25,6,6,0,0,,10000.0
82,exponential,50,10,4,4,25,6,6,0,0,,10000.0
83,exponential,50,10,5,4,25,6,6,0,0,,10000.0
84,exponential,50,10,1,4,25,8,1,211,210,0.004540739432805587,22915.190000000006
85,exponential,50,10,2,4,25,8,1,199,198,0.004331779399017397,20880.61000000002
86,exponential,50,10,3,4,25,8,1,195,194,0.004630427448036759,21731.03999999999
87,exponential,50,10,4,4,25,8,1,193,192,0.005355277152362347,24946.480000000014
88,exponential,50,10,5,4,25,8,1,192,191,0.005268664408279761,24252.019999999975
89,exponential,50,10,1,4,25,8,2,153,153,0.0027240906296410214,13944.349999999993
90,exponential,50,10,2,4,25,8,2,144,144,0.0035636353518338076,15204.639999999992
91,exponential,50,10,3,4,25,8,2,142,142,0.0034022536946794724,14659.129999999974
92,exponential,50,10,4,4,25,8,2,141,141,0.0037043574455724415,15320.349999999993
93,exponential,50,10,5,4,25,8,2,141,141,0.0033918215291138176,14678.269999999975
94,exponential,50,10,1,4,25,8,3,74,74,0.009539525222281249,19372.31000000001
95,exponential,50,10,2,4,25,8,3,69,69,0.008786035447674895,17463.51000000002
96,exponential,50,10,3,4,25,8,3,69,69,0.009049022989052313,17762.740000000013
97,exponential,50,10,4,4,25,8,3,69,69,0.00978902098286351,18726.54000000001
98,exponential,50,10,5,4,25,8,3,69,69,0.00941612026001475,18219.150000000012
99,exponential,50,10,1,4,25,8,4,17,17,0.029315254338073683,16046.439999999999
100,exponential,50,10,2,4,25,8,4,16,16,0.02660201053393459,14930.590000000002
101,exponential,50,10,3,4,25,8,4,16,16,0.030026869104518652,15758.55
102,exponential,50,10,4,4,25,8,4,16,16,0.029332669334257672,15535.890000000001
103,exponential,50,10,5,4,25,8,4,16,16,0.025896911762318158,14739.259999999998
104,exponential,50,10,1,4,25,8,5,6,6,0.027626017529949535,11721.289999999997
105,exponential,50,10,2,4,25,8,5,6,6,0.004115032688054761,10156.100000000002
106,exponential,50,10,3,4,25,8,5,6,6,0.028095408240219676,11620.830000000002
107,exponential,50,10,4,4,25,8,5,6,6,0.03730363578038116,12300.47
108,exponential,50,10,5,4,25,8,5,6,6,0.03353506209579283,12025.440000000002
109,exponential,50,10,1,4,25,8,6,1,1,0.0636938101393078,10629.77
110,exponential,50,10,2,4,25,8,6,1,1,0.04789602182967124,10473.570000000002
111,exponential,50,10,3,4,25,8,6,1,1,0.04789602182967124,10473.570000000002
112,exponential,50,10,4,4,25,8,6,1,1,0.06512997271291127,10643.970000000001
113,exponential,50,10,5,4,25,8,6,1,1,0.04251041217865874,10420.320000000002
114,exponential,50,10,1,4,25,10,1,192,191,0.004834390950932542,22561.780000000006
115,exponential,50,10,2,4,25,10,1,180,179,0.004602964991378825,20409.76999999999
116,exponential,50,10,3,4,25,10,1,174,173,0.00495503525958268,21195.17999999999
117,exponential,50,10,4,4,25,10,1,172,171,0.0057330222438583935,24150.609999999975
118,exponential,50,10,5,4,25,10,1,171,170,0.005638213785478258,23558.71999999998
119,exponential,50,10,1,4,25,10,2,150,150,0.002665773740501547,13752.449999999986
120,exponential,50,10,2,4,25,10,2,136,136,0.003019346969872862,13743.529999999984
121,exponential,50,10,3,4,25,10,2,132,132,0.0031135988176126572,13663.309999999996
122,exponential,50,10,4,4,25,10,2,132,132,0.0036411155374617902,14764.08
123,exponential,50,10,5,4,25,10,2,132,132,0.0033077660816108194,14112.769999999991
124,exponential,50,10,1,4,25,10,3,73,73,0.0035752419789242245,11462.980000000007
125,exponential,50,10,2,4,25,10,3,66,66,-0.00047524280964384173,8581.240000000013
126,exponential,50,10,3,4,25,10,3,65,65,-0.0008204259780632345,8440.66000000001
127,exponential,50,10,4,4,25,10,3,65,65,-3.4699052061535e-05,8931.410000000005
128,exponential,50,10,5,4,25,10,3,65,65,-0.00043054751170098663,8648.720000000014
129,exponential,50,10,1,4,25,10,4,22,22,0.0069166484300007295,10519.329999999993
130,exponential,50,10,2,4,25,10,4,19,19,0.01766928674133434,12272.479999999994
131,exponential,50,10,3,4,25,10,4,19,19,0.017575283619633626,12241.709999999994
132,exponential,50,10,4,4,25,10,4,19,19,0.01757920900589164,12242.269999999995
133,exponential,50,10,5,4,25,10,4,19,19,0.017969331305765474,12311.089999999995
134,exponential,50,10,1,4,25,10,5,4,4,0.011297214313871897,10410.869999999999
135,exponential,50,10,2,4,25,10,5,4,4,0.015393605177931204,10581.26
136,exponential,50,10,3,4,25,10,5,4,4,0.00763528259531992,10277.189999999999
137,exponential,50,10,4,4,25,10,5,4,4,0.0076537805605437804,10277.92
138,exponential,50,10,5,4,25,10,5,4,4,0.0076537805605437804,10277.92
139,exponential,50,10,1,4,25,10,6,0,0,,10000.0
140,exponential,50,10,2,4,25,10,6,0,0,,10000.0
141,exponential,50,10,3,4,25,10,6,0,0,,10000.0
142,exponential,50,10,4,4,25,10,6,0,0,,10000.0
143,exponential,50,10,5,4,25,10,6,0,0,,10000.0
144,exponential,50,10,1,4,25,12,1,176,175,0.00444327357869004,19275.329999999998
145,exponential,50,10,2,4,25,12,1,168,167,0.004156368374369803,17830.50000000001
146,exponential,50,10,3,4,25,12,1,162,161,0.00450251251859886,18433.990000000013
147,exponential,50,10,4,4,25,12,1,161,160,0.005180408726308155,20580.749999999985
148,exponential,50,10,5,4,25,12,1,160,159,0.005063249693022703,20077.219999999994
149,exponential,50,10,1,4,25,12,2,148,148,0.0024095200543888125,12979.644999999993
150,exponential,50,10,2,4,25,12,2,134,134,0.003074474116078686,13537.569999999985
151,exponential,50,10,3,4,25,12,2,131,131,0.0034991097148657727,14145.179999999995
152,exponential,50,10,4,4,25,12,2,131,131,0.004202242639651278,15603.205000000004
153,exponential,50,10,5,4,25,12,2,131,131,0.003866348531465566,14924.850000000006
154,exponential,50,10,1,4,25,12,3,65,65,0.005811292697168844,13070.849999999999
155,exponential,50,10,2,4,25,12,3,65,65,0.003689162761722771,11380.550000000003
156,exponential,50,10,3,4,25,12,3,61,61,0.004434572029569115,11793.119999999997
157,exponential,50,10,4,4,25,12,3,61,61,0.004642698322246188,11948.420000000006
158,exponential,50,10,5,4,25,12,3,61,61,0.004220892586564803,11629.749999999998
159,exponential,50,10,1,4,25,12,4,20,20,-0.002712919411971896,8614.059999999998
160,exponential,50,10,2,4,25,12,4,19,19,-0.0032762733711469995,8631.560000000001
161,exponential,50,10,3,4,25,12,4,19,19,-0.0005751022456346148,9073.5
162,exponential,50,10,4,4,25,12,4,19,19,-0.002068634387433758,8813.61
163,exponential,50,10,5,4,25,12,4,19,19,-0.0016677112063843622,8869.280000000002
164,exponential,50,10,1,4,25,12,5,5,5,0.08362954190052277,14705.829999999996
165,exponential,50,10,2,4,25,12,5,5,5,0.10170852174420848,16069.959999999997
166,exponential,50,10,3,4,25,12,5,5,5,0.10247476298096514,16088.569999999994
167,exponential,50,10,4,4,25,12,5,5,5,0.09634250697416098,15639.999999999998
168,exponential,50,10,5,4,25,12,5,5,5,0.09634250697416098,15639.999999999998
169,exponential,50,10,1,4,25,12,6,1,1,0.10443575798776335,11032.359999999999
170,exponential,50,10,2,4,25,12,6,1,1,0.10443575798776335,11032.359999999999
171,exponential,50,10,3,4,25,12,6,1,1,0.13872365737593464,11371.3
172,exponential,50,10,4,4,25,12,6,1,1,0.1080897348742352,11068.48
173,exponential,50,10,5,4,25,12,6,1,1,0.1080897348742352,11068.48
174,exponential,50,10,1,4,25,14,1,166,165,0.00447673729015619,18695.190000000002
175,exponential,50,10,2,4,25,14,1,157,156,0.004159349584446282,17023.96999999999
176,exponential,50,10,3,4,25,14,1,152,151,0.004580050080456864,17853.56
177,exponential,50,10,4,4,25,14,1,151,150,0.005342358438910347,20033.66
178,exponential,50,10,5,4,25,14,1,150,149,0.005220606996970088,19480.980000000007
179,exponential,50,10,1,4,25,14,2,144,144,0.0014940589202355895,11266.095000000001
180,exponential,50,10,2,4,25,14,2,127,127,0.0028209332108050547,12866.705
181,exponential,50,10,3,4,25,14,2,122,122,0.002919891958299111,12766.064999999997
182,exponential,50,10,4,4,25,14,2,122,122,0.0036734384693584933,14147.410000000003
183,exponential,50,10,5,4,25,14,2,122,122,0.0033121210421857843,13510.084999999997
184,exponential,50,10,1,4,25,14,3,76,76,0.008537674215492185,18155.3
185,exponential,50,10,2,4,25,14,3,69,69,0.011269362844890066,20603.589999999997
186,exponential,50,10,3,4,25,14,3,68,68,0.012223280937368354,21786.17000000002
187,exponential,50,10,4,4,25,14,3,67,67,0.013114155114142186,22810.41000000001
188,exponential,50,10,5,4,25,14,3,67,67,0.012507701383264852,21883.2
189,exponential,50,10,1,4,25,14,4,26,26,0.0019019051510621636,10191.249999999998
190,exponential,50,10,2,4,25,14,4,24,24,0.0057193933645868986,11153.389999999994
191,exponential,50,10,3,4,25,14,4,24,24,0.006522634387591348,11373.799999999997
192,exponential,50,10,4,4,25,14,4,24,24,0.0074957410304772485,11646.470000000003
193,exponential,50,10,5,4,25,14,4,24,24,0.006842893083609566,11436.910000000005
194,exponential,50,10,1,4,25,14,5,5,5,-0.024924447337255035,7664.94
195,exponential,50,10,2,4,25,14,5,5,5,-0.05619270553362728,6680.6799999999985
196,exponential,50,10,3,4,25,14,5,5,5,-0.05619270553362728,6680.6799999999985
197,exponential,50,10,4,4,25,14,5,5,5,-0.05619270553362728,6680.6799999999985
198,exponential,50,10,5,4,25,14,5,5,5,-0.05619270553362728,6680.6799999999985
199,exponential,50,10,1,4,25,14,6,2,2,0.06688460645700778,11267.699999999999
200,exponential,50,10,2,4,25,14,6,2,2,0.23837621173548315,13853.010000000002
201,exponential,50,10,3,4,25,14,6,2,2,0.23837621173548315,13853.010000000002
202,exponential,50,10,4,4,25,14,6,2,2,0.23837621173548315,13853.010000000002
203,exponential,50,10,5,4,25,14,6,2,2,0.23837621173548315,13853.010000000002
204,exponential,50,10,1,6,7,2,1,0,0,,10000.0
205,exponential,50,10,2,6,7,2,1,0,0,,10000.0
206,exponential,50,10,3,6,7,2,1,0,0,,10000.0
207,exponential,50,10,4,6,7,2,1,0,0,,10000.0
208,exponential,50,10,5,6,7,2,1,0,0,,10000.0
209,exponential,50,10,1,6,7,2,2,0,0,,10000.0
210,exponential,50,10,2,6,7,2,2,0,0,,10000.0
211,exponential,50,10,3,6,7,2,2,0,0,,10000.0
212,exponential,50,10,4,6,7,2,2,0,0,,10000.0
213,exponential,50,10,5,6,7,2,2,0,0,,10000.0
214,exponential,50,10,1,6,7,2,3,0,0,,10000.0
215,exponential,50,10,2,6,7,2,3,0,0,,10000.0
216,exponential,50,10,3,6,7,2,3,0,0,,10000.0
217,exponential,50,10,4,6,7,2,3,0,0,,10000.0
218,exponential,50,10,5,6,7,2,3,0,0,,10000.0
219,exponential,50,10,1,6,7,2,4,0,0,,10000.0
220,exponential,50,10,2,6,7,2,4,0,0,,10000.0
221,exponential,50,10,3,6,7,2,4,0,0,,10000.0
222,exponential,50,10,4,6,7,2,4,0,0,,10000.0
223,exponential,50,10,5,6,7,2,4,0,0,,10000.0
224,exponential,50,10,1,6,7,2,5,0,0,,10000.0
225,exponential,50,10,2,6,7,2,5,0,0,,10000.0
226,exponential,50,10,3,6,7,2,5,0,0,,10000.0
227,exponential,50,10,4,6,7,2,5,0,0,,10000.0
228,exponential,50,10,5,6,7,2,5,0,0,,10000.0
229,exponential,50,10,1,6,7,2,6,0,0,,10000.0
230,exponential,50,10,2,6,7,2,6,0,0,,10000.0
231,exponential,50,10,3,6,7,2,6,0,0,,10000.0
232,exponential,50,10,4,6,7,2,6,0,0,,10000.0
233,exponential,50,10,5,6,7,2,6,0,0,,10000.0
234,exponential,50,10,1,6,7,4,1,362,361,0.0037009979990940737,32045.980000000014
235,exponential,50,10,2,6,7,4,1,333,332,0.003641777202277147,28592.520000000044
236,exponential,50,10,3,6,7,4,1,327,326,0.0036205553899935025,28514.350000000035
237,exponential,50,10,4,6,7,4,1,321,320,0.0036705299192980297,28414.540000000055
238,exponential,50,10,5,6,7,4,1,318,317,0.003673208401954413,28122.31000000001
239,exponential,50,10,1,6,7,4,2,181,180,0.004483025085796601,19764.340000000004
240,exponential,50,10,2,6,7,4,2,176,175,0.004538727526978253,19554.870000000006
241,exponential,50,10,3,6,7,4,2,175,175,0.004009656368529882,18514.459999999992
242,exponential,50,10,4,6,7,4,2,171,171,0.003950246802748689,18121.109999999993
243,exponential,50,10,5,6,7,4,2,170,170,0.004306217141119737,19130.380000000005
244,exponential,50,10,1,6,7,4,3,64,64,0.007921105072775495,15902.910000000003
245,exponential,50,10,2,6,7,4,3,62,62,0.010681821594261922,18420.360000000004
246,exponential,50,10,3,6,7,4,3,61,61,0.01246334731275332,20278.940000000006
247,exponential,50,10,4,6,7,4,3,60,60,0.012724665566317992,20350.590000000004
248,exponential,50,10,5,6,7,4,3,60,60,0.012065719162576755,19492.87
249,exponential,50,10,1,6,7,4,4,11,10,0.006399652138896076,10482.039999999995
0,exponential,50,10,2,6,7,4,4,11,10,-0.001695792022129127,9676.619999999995
1,exponential,50,10,3,6,7,4,4,11,11,0.00436400034680413,10140.999999999995
2,exponential,50,10,4,6,7,4,4,13,13,0.00880981709185096,10898.99
3,exponential,50,10,5,6,7,4,4,13,13,0.007382656684269338,10669.01
4,exponential,50,10,1,6,7,4,5,2,2,-0.03685595228944008,9282.02
5,exponential,50,10,2,6,7,4,5,2,2,-0.044468555376773536,9135.76
6,exponential,50,10,3,6,7,4,5,2,2,-0.04198347983110924,9177.949999999999
7,exponential,50,10,4,6,7,4,5,2,2,-0.05103943882299307,9008.349999999999
8,exponential,50,10,5,6,7,4,5,2,2,-0.05103943882299307,9008.349999999999
9,exponential,50,10,1,6,7,4,6,1,1,-0.02966101694915266,9706.0
10,exponential,50,10,2,6,7,4,6,1,1,-0.04491525423728823,9554.8
11,exponential,50,10,3,6,7,4,6,1,1,-0.061334745762711924,9392.05
12,exponential,50,10,4,6,7,4,6,1,1,-0.061334745762711924,9392.05
13,exponential,50,10,5,6,7,4,6,1,1,-0.061334745762711924,9392.05
14,exponential,50,10,1,6,7,6,1,336,335,0.003748316267733177,30291.01
15,exponential,50,10,2,6,7,6,1,314,313,0.004061324804474658,30461.669999999995
16,exponential,50,10,3,6,7,6,1,304,303,0.004013039682552226,29813.479999999996
17,exponential,50,10,4,6,7,6,1,302,301,0.004410931226497795,33554.960000000014
18,exponential,50,10,5,6,7,6,1,300,299,0.004404082466380256,33117.05000000002
19,exponential,50,10,1,6,7,6,2,213,212,0.004404501357044502,22965.509999999995
20,exponential,50,10,2,6,7,6,2,207,206,0.004999697031954925,25129.940000000006
21,exponential,50,10,3,6,7,6,2,204,203,0.005057624343743117,25216.18999999998
22,exponential,50,10,4,6,7,6,2,203,202,0.005235441967112564,26118.23999999999
23,exponential,50,10,5,6,7,6,2,202,201,0.005576107801166269,27764.50999999999
24,exponential,50,10,1,6,7,6,3,57,56,0.0009261615841518461,10089.649999999992
25,exponential,50,10,2,6,7,6,3,54,53,-0.004760190787348796,7358.700000000003
26,exponential,50,10,3,6,7,6,3,54,53,-0.0018233078933867497,8751.519999999986
27,exponential,50,10,4,6,7,6,3,53,52,0.00027850953939559506,9816.189999999995
28,exponential,50,10,5,6,7,6,3,53,52,-0.00022239563640440318,9555.439999999993
29,exponential,50,10,1,6,7,6,4,6,6,0.029350749216161477,11443.719999999998
30,exponential,50,10,2,6,7,6,4,8,8,0.07575028259565132,17053.309999999998
31,exponential,50,10,3,6,7,6,4,8,8,0.07561543901420581,17034.399999999998
32,exponential,50,10,4,6,7,6,4,8,8,0.08859147219420202,18897.909999999996
33,exponential,50,10,5,6,7,6,4,8,8,0.04794716207330704,14209.939999999995
34,exponential,50,10,1,6,7,6,5,1,1,0.17180260351548146,11705.28
35,exponential,50,10,2,6,7,6,5,1,1,-0.01007575200411859,9899.99
36,exponential,50,10,3,6,7,6,5,1,1,-0.01007575200411859,9899.99
37,exponential,50,10,4,6,7,6,5,1,1,-0.005883650805324788,9941.6
38,exponential,50,10,5,6,7,6,5,1,1,-0.005883650805324788,9941.6
39,exponential,50,10,1,6,7,6,6,0,0,,10000.0
40,exponential,50,10,2,6,7,6,6,0,0,,10000.0
41,exponential,50,10,3,6,7,6,6,0,0,,10000.0
42,exponential,50,10,4,6,7,6,6,0,0,,10000.0
43,exponential,50,10,5,6,7,6,6,0,0,,10000.0
44,exponential,50,10,1,6,7,8,1,300,299,0.0039805971506604925,28272.00000000001
45,exponential,50,10,2,6,7,8,1,278,277,0.004543826423146648,30141.809999999994
46,exponential,50,10,3,6,7,8,1,270,269,0.004818574564001416,32276.74999999994
47,exponential,50,10,4,6,7,8,1,269,268,0.005149101717155827,35379.199999999975
48,exponential,50,10,5,6,7,8,1,268,267,0.005263997060672026,36159.19000000003
49,exponential,50,10,1,6,7,8,2,198,197,0.005299811946293905,25895.429999999986
50,exponential,50,10,2,6,7,8,2,195,194,0.005439742847965428,26093.06999999999
51,exponential,50,10,3,6,7,8,2,191,190,0.005099001271651829,23985.609999999986
52,exponential,50,10,4,6,7,8,2,188,187,0.005228768438601658,24372.249999999993
53,exponential,50,10,5,6,7,8,2,187,186,0.005578304135470818,25757.43999999999
54,exponential,50,10,1,6,7,8,3,53,52,0.003642777593285392,11582.599999999993
55,exponential,50,10,2,6,7,8,3,51,50,0.005588802182283074,12438.359999999995
56,exponential,50,10,3,6,7,8,3,53,52,0.011826453761240899,17677.989999999983
57,exponential,50,10,4,6,7,8,3,53,52,0.013465810767702778,19337.199999999983
58,exponential,50,10,5,6,7,8,3,53,52,0.013123567783116883,19014.449999999986
59,exponential,50,10,1,6,7,8,4,9,9,0.008037112687282372,10466.269999999999
60,exponential,50,10,2,6,7,8,4,10,10,0.04382886850827244,14658.429999999998
61,exponential,50,10,3,6,7,8,4,10,10,0.051878863719459115,15873.019999999999
62,exponential,50,10,4,6,7,8,4,10,10,0.05563637637858552,16539.229999999996
63,exponential,50,10,5,6,7,8,4,10,10,0.025706532754266466,12695.97
64,exponential,50,10,1,6,7,8,5,1,1,1.1533377948803747,21443.210000000003
65,exponential,50,10,2,6,7,8,5,1,1,1.1533377948803747,21443.210000000003
66,exponential,50,10,3,6,7,8,5,1,1,1.1533377948803747,21443.210000000003
67,exponential,50,10,4,6,7,8,5,1,1,1.1533377948803747,21443.210000000003
68,exponential,50,10,5,6,7,8,5,1,1,1.1533377948803747,21443.210000000003
69,exponential,50,10,1,6,7,8,6,0,0,,10000.0
70,exponential,50,10,2,6,7,8,6,0,0,,10000.0
71,exponential,50,10,3,6,7,8,6,0,0,,10000.0
72,exponential,50,10,4,6,7,8,6,0,0,,10000.0
73,exponential,50,10,5,6,7,8,6,0,0,,10000.0
74,exponential,50,10,1,6,7,10,1,273,272,0.0037781870625887494,24113.470000000038
75,exponential,50,10,2,6,7,10,1,254,253,0.004251535020067161,25208.090000000033
76,exponential,50,10,3,6,7,10,1,247,246,0.004771764560814305,28521.76
77,exponential,50,10,4,6,7,10,1,245,244,0.005027489294459575,30129.410000000003
78,exponential,50,10,5,6,7,10,1,244,243,0.005086838984188743,30314.150000000034
79,exponential,50,10,1,6,7,10,2,191,191,0.0041925392747698305,20098.954100000003
80,exponential,50,10,2,6,7,10,2,185,185,0.005336483125359652,24008.30299999998
81,exponential,50,10,3,6,7,10,2,179,179,0.004360509477991919,19875.783599999984
82,exponential,50,10,4,6,7,10,2,177,177,0.004383363965968284,19884.653399999992
83,exponential,50,10,5,6,7,10,2,176,176,0.004648070664157833,20741.203799999992
84,exponential,50,10,1,6,7,10,3,66,66,0.0027890143684208713,11326.13999999999
85,exponential,50,10,2,6,7,10,3,62,62,0.0012102022074559173,10061.560000000007
86,exponential,50,10,3,6,7,10,3,63,63,0.0037061226121501262,12017.050000000001
87,exponential,50,10,4,6,7,10,3,63,63,0.004671244542806326,12805.68
88,exponential,50,10,5,6,7,10,3,63,63,0.005541825653557383,13598.739999999998
89,exponential,50,10,1,6,7,10,4,16,16,0.0011832995471675167,9551.239999999996
90,exponential,50,10,2,6,7,10,4,14,14,0.00289642734399446,9638.91
91,exponential,50,10,3,6,7,10,4,14,14,0.02899902962097469,14321.199999999999
92,exponential,50,10,4,6,7,10,4,14,14,0.03253443900340499,15090.240000000002
93,exponential,50,10,5,6,7,10,4,14,14,0.024492395946717795,13679.570000000002
94,exponential,50,10,1,6,7,10,5,3,3,0.23904815274621827,18155.649999999998
95,exponential,50,10,2,6,7,10,5,4,4,0.1307134989110484,16263.48
96,exponential,50,10,3,6,7,10,5,4,4,0.13054980599895147,16254.679999999998
97,exponential,50,10,4,6,7,10,5,4,4,0.1322589671024663,16322.679999999997
98,exponential,50,10,5,6,7,10,5,4,4,0.1322589671024663,16322.679999999997
99,exponential,50,10,1,6,7,10,6,2,2,0.26315429342146274,15181.78
100,exponential,50,10,2,6,7,10,6,2,2,0.3210071920885577,16980.960000000003
101,exponential,50,10,3,6,7,10,6,2,2,0.3210071920885577,16980.960000000003
102,exponential,50,10,4,6,7,10,6,2,2,0.324419750302786,17048.96
103,exponential,50,10,5,6,7,10,6,2,2,0.324419750302786,17048.96
104,exponential,50,10,1,6,7,12,1,260,259,0.004122353091329733,24989.600000000042
105,exponential,50,10,2,6,7,12,1,241,240,0.00390961788762623,21771.830000000038
106,exponential,50,10,3,6,7,12,1,235,234,0.004598073779309816,25582.590000000026
107,exponential,50,10,4,6,7,12,1,234,233,0.0050282701960444225,28401.629999999997
108,exponential,50,10,5,6,7,12,1,232,231,0.004940456166255738,27605.330000000056
109,exponential,50,10,1,6,7,12,2,180,180,0.003202340537706528,16284.095099999973
110,exponential,50,10,2,6,7,12,2,172,172,0.004714668903374045,20545.113799999996
111,exponential,50,10,3,6,7,12,2,169,169,0.0036644652387430913,16924.804900000003
112,exponential,50,10,4,6,7,12,2,168,168,0.0039007139703995477,17708.804500000002
113,exponential,50,10,5,6,7,12,2,167,167,0.003818083054334316,17430.184599999975
114,exponential,50,10,1,6,7,12,3,70,70,0.0009583976176774553,10163.419999999991
115,exponential,50,10,2,6,7,12,3,65,65,0.0009955791932451368,10037.509999999998
116,exponential,50,10,3,6,7,12,3,65,65,0.001704457050424043,10479.139999999987
117,exponential,50,10,4,6,7,12,3,65,65,0.0019130190500384486,10617.789999999985
118,exponential,50,10,5,6,7,12,3,64,64,0.001823384102835477,10557.949999999984
119,exponential,50,10,1,6,7,12,4,18,18,0.006338949199988558,11048.84
120,exponential,50,10,2,6,7,12,4,17,17,0.0035652574993803826,10011.670000000006
121,exponential,50,10,3,6,7,12,4,17,17,0.0018702390013844317,9715.930000000004
122,exponential,50,10,4,6,7,12,4,18,18,0.021140104131406025,14231.889999999996
123,exponential,50,10,5,6,7,12,4,18,18,0.020498733136767883,14054.740000000002
124,exponential,50,10,1,6,7,12,5,5,5,0.09938292968283449,15327.17
125,exponential,50,10,2,6,7,12,5,5,5,0.14217519596312922,18750.160000000007
126,exponential,50,10,3,6,7,12,5,5,5,0.14217519596312922,18750.160000000007
127,exponential,50,10,4,6,7,12,5,5,5,0.1469880779289933,19188.860000000004
128,exponential,50,10,5,6,7,12,5,5,5,0.14246578950748728,18818.080000000005
129,exponential,50,10,1,6,7,12,6,1,1,0.6455197962491317,16412.4
130,exponential,50,10,2,6,7,12,6,1,1,0.6455197962491317,16412.4
131,exponential,50,10,3,6,7,12,6,1,1,0.6455197962491317,16412.4
132,exponential,50,10,4,6,7,12,6,1,1,0.6455197962491317,16412.4
133,exponential,50,10,5,6,7,12,6,1,1,0.6455197962491317,16412.4
134,exponential,50,10,1,6,7,14,1,247,246,0.004976756290094023,29381.98000000004
135,exponential,50,10,2,6,7,14,1,229,228,0.004892527388682828,26219.57
136,exponential,50,10,3,6,7,14,1,226,225,0.005490754233498916,30271.690000000006
137,exponential,50,10,4,6,7,14,1,224,223,0.005984802806831545,33645.37999999998
138,exponential,50,10,5,6,7,14,1,221,220,0.005835634878491762,31980.730000000007
139,exponential,50,10,1,6,7,14,2,175,175,0.004024639886805567,18488.929999999986
140,exponential,50,10,2,6,7,14,2,166,166,0.005657971645458727,23302.87999999997
141,exponential,50,10,3,6,7,14,2,163,163,0.004476094271286405,18847.429999999975
142,exponential,50,10,4,6,7,14,2,162,162,0.0050324988197714485,20667.170000000006
143,exponential,50,10,5,6,7,14,2,161,161,0.004952991858435343,20402.379999999983
144,exponential,50,10,1,6,7,14,3,74,74,0.006142658205400405,15108.089999999993
145,exponential,50,10,2,6,7,14,3,71,71,0.004796199964781926,13394.659999999989
146,exponential,50,10,3,6,7,14,3,72,72,0.005010288024128582,13620.949999999986
147,exponential,50,10,4,6,7,14,3,72,72,0.005556420707071106,14250.44999999999
148,exponential,50,10,5,6,7,14,3,72,72,0.006178784513317022,14947.689999999991
149,exponential,50,10,1,6,7,14,4,17,17,0.010347427784059043,11716.410000000002
150,exponential,50,10,2,6,7,14,4,17,17,0.018557516654145897,13307.450000000004
151,exponential,50,10,3,6,7,14,4,16,16,0.0261411623856965,14671.940000000002
152,exponential,50,10,4,6,7,14,4,16,16,0.018645196842181022,13034.43
153,exponential,50,10,5,6,7,14,4,16,16,0.01792365447321311,12915.960000000003
154,exponential,50,10,1,6,7,14,5,4,4,0.018122529999648328,10713.55
155,exponential,50,10,2,6,7,14,5,4,4,0.07118086872494289,13130.440000000004
156,exponential,50,10,3,6,7,14,5,4,4,0.07118086872494289,13130.440000000004
157,exponential,50,10,4,6,7,14,5,4,4,0.07719697118227295,13423.35
158,exponential,50,10,5,6,7,14,5,4,4,0.07154411065539046,13145.060000000003
159,exponential,50,10,1,6,7,14,6,0,0,,10000.0
160,exponential,50,10,2,6,7,14,6,0,0,,10000.0
161,exponential,50,10,3,6,7,14,6,0,0,,10000.0
162,exponential,50,10,4,6,7,14,6,0,0,,10000.0
163,exponential,50,10,5,6,7,14,6,0,0,,10000.0
164,exponential,50,10,1,6,10,2,1,0,0,,10000.0
165,exponential,50,10,2,6,10,2,1,0,0,,10000.0
166,exponential,50,10,3,6,10,2,1,0,0,,10000.0
167,exponential,50,10,4,6,10,2,1,0,0,,10000.0
168,exponential,50,10,5,6,10,2,1,0,0,,10000.0
169,exponential,50,10,1,6,10,2,2,0,0,,10000.0
170,exponential,50,10,2,6,10,2,2,0,0,,10000.0
171,exponential,50,10,3,6,10,2,2,0,0,,10000.0
172,exponential,50,10,4,6,10,2,2,0,0,,10000.0
173,exponential,50,10,5,6,10,2,2,0,0,,10000.0
174,exponential,50,10,1,6,10,2,3,0,0,,10000.0
175,exponential,50,10,2,6,10,2,3,0,0,,10000.0
176,exponential,50,10,3,6,10,2,3,0,0,,10000.0
177,exponential,50,10,4,6,10,2,3,0,0,,10000.0
178,exponential,50,10,5,6,10,2,3,0,0,,10000.0
179,exponential,50,10,1,6,10,2,4,0,0,,10000.0
180,exponential,50,10,2,6,10,2,4,0,0,,10000.0
181,exponential,50,10,3,6,10,2,4,0,0,,10000.0
182,exponential,50,10,4,6,10,2,4,0,0,,10000.0
183,exponential,50,10,5,6,10,2,4,0,0,,10000.0
184,exponential,50,10,1,6,10,2,5,0,0,,10000.0
185,exponential,50,10,2,6,10,2,5,0,0,,10000.0
186,exponential,50,10,3,6,10,2,5,0,0,,10000.0
187,exponential,50,10,4,6,10,2,5,0,0,,10000.0
188,exponential,50,10,5,6,10,2,5,0,0,,10000.0
189,exponential,50,10,1,6,10,2,6,0,0,,10000.0
190,exponential,50,10,2,6,10,2,6,0,0,,10000.0
191,exponential,50,10,3,6,10,2,6,0,0,,10000.0
192,exponential,50,10,4,6,10,2,6,0,0,,10000.0
193,exponential,50,10,5,6,10,2,6,0,0,,10000.0
194,exponential,50,10,1,6,10,4,1,326,325,0.0028917742084138714,21331.039999999986
195,exponential,50,10,2,6,10,4,1,298,297,0.0031532276594477752,21469.54999999998
196,exponential,50,10,3,6,10,4,1,290,289,0.0032331742705136017,22176.749999999993
197,exponential,50,10,4,6,10,4,1,287,286,0.0036827309768064616,25013.589999999964
198,exponential,50,10,5,6,10,4,1,284,283,0.0037321542862998164,25030.24
199,exponential,50,10,1,6,10,4,2,180,180,0.00363768326779756,17239.579999999984
200,exponential,50,10,2,6,10,4,2,171,171,0.004583984978416728,19410.740000000005
201,exponential,50,10,3,6,10,4,2,169,169,0.004421341548880184,18818.690000000002
202,exponential,50,10,4,6,10,4,2,167,167,0.0047967162581421235,19923.10999999998
203,exponential,50,10,5,6,10,4,2,166,166,0.00526730817691613,21384.46
204,exponential,50,10,1,6,10,4,3,57,57,0.002018433361177909,10594.509999999991
205,exponential,50,10,2,6,10,4,3,51,51,-0.0025617028555633995,8290.64
206,exponential,50,10,3,6,10,4,3,50,50,-0.0016638554085961382,8661.139999999996
207,exponential,50,10,4,6,10,4,3,49,49,-0.0007993157715532803,9059.649999999998
208,exponential,50,10,5,6,10,4,3,49,49,-0.0012839262827075535,8847.279999999986
209,exponential,50,10,1,6,10,4,4,9,9,0.020083134701000024,11834.209999999995
210,exponential,50,10,2,6,10,4,4,10,10,0.0175951515676268,11784.329999999994
211,exponential,50,10,3,6,10,4,4,10,10,0.02861542432859889,13089.749999999996
212,exponential,50,10,4,6,10,4,4,10,10,0.032493330878399646,13647.75
213,exponential,50,10,5,6,10,4,4,10,10,0.032016985920755005,13592.0
214,exponential,50,10,1,6,10,4,5,0,0,,10000.0
215,exponential,50,10,2,6,10,4,5,0,0,,10000.0
216,exponential,50,10,3,6,10,4,5,0,0,,10000.0
217,exponential,50,10,4,6,10,4,5,0,0,,10000.0
218,exponential,50,10,5,6,10,4,5,0,0,,10000.0
219,exponential,50,10,1,6,10,4,6,0,0,,10000.0
220,exponential,50,10,2,6,10,4,6,0,0,,10000.0
221,exponential,50,10,3,6,10,4,6,0,0,,10000.0
222,exponential,50,10,4,6,10,4,6,0,0,,10000.0
223,exponential,50,10,5,6,10,4,6,0,0,,10000.0
224,exponential,50,10,1,6,10,6,1,297,296,0.003855230388825939,26285.31
225,exponential,50,10,2,6,10,6,1,271,270,0.004157657251441605,25682.38999999999
226,exponential,50,10,3,6,10,6,1,265,264,0.004664062663611382,29590.49999999999
227,exponential,50,10,4,6,10,6,1,260,259,0.005193379966349636,33354.48999999999
228,exponential,50,10,5,6,10,6,1,259,258,0.005251483350813235,33542.829999999994
229,exponential,50,10,1,6,10,6,2,194,194,0.004241706647790672,20645.283900000006
230,exponential,50,10,2,6,10,6,2,186,186,0.004921496253714618,22563.713499999976
231,exponential,50,10,3,6,10,6,2,184,184,0.00424163157998105,19847.453799999992
232,exponential,50,10,4,6,10,6,2,180,180,0.0042531854425013615,19678.413699999983
233,exponential,50,10,5,6,10,6,2,180,180,0.004619388331207918,20980.58389999997
234,exponential,50,10,1,6,10,6,3,67,67,0.004328332105895782,12685.499999999982
235,exponential,50,10,2,6,10,6,3,62,62,0.005735156226632913,13228.299999999988
236,exponential,50,10,3,6,10,6,3,63,63,0.00870599979706299,16437.799999999992
237,exponential,50,10,4,6,10,6,3,63,63,0.009997782981004497,17845.499999999978
238,exponential,50,10,5,6,10,6,3,64,64,0.010838742361090324,19113.769999999986
239,exponential,50,10,1,6,10,6,4,15,15,0.003382709372217202,9894.679999999998
240,exponential,50,10,2,6,10,6,4,13,13,0.0037305443818174914,9760.55
241,exponential,50,10,3,6,10,6,4,13,13,0.02803820228936038,13772.899999999998
242,exponential,50,10,4,6,10,6,4,13,13,0.03180983961948505,14551.159999999998
243,exponential,50,10,5,6,10,6,4,13,13,0.030921787473063015,14322.230000000005
244,exponential,50,10,1,6,10,6,5,3,3,0.10624018510422988,13051.799999999997
245,exponential,50,10,2,6,10,6,5,3,3,0.0703202111924691,11644.04
246,exponential,50,10,3,6,10,6,5,3,3,0.0703202111924691,11644.04
247,exponential,50,10,4,6,10,6,5,3,3,0.07987127089714195,12006.88
248,exponential,50,10,5,6,10,6,5,3,3,0.07987127089714195,12006.88
249,exponential,50,10,1,6,10,6,6,0,0,,10000.0
0,exponential,50,10,2,6,10,6,6,0,0,,10000.0
1,exponential,50,10,3,6,10,6,6,0,0,,10000.0
2,exponential,50,10,4,6,10,6,6,0,0,,10000.0
3,exponential,50,10,5,6,10,6,6,0,0,,10000.0
4,exponential,50,10,1,6,10,8,1,273,272,0.0039539267322233965,25752.350000000017
5,exponential,50,10,2,6,10,8,1,252,251,0.004311096720028239,25792.750000000022
6,exponential,50,10,3,6,10,8,1,246,245,0.004797218372629444,28494.550000000014
7,exponential,50,10,4,6,10,8,1,242,241,0.005211640593476194,31069.579999999998
8,exponential,50,10,5,6,10,8,1,240,239,0.005144261424168652,30224.350000000035
9,exponential,50,10,1,6,10,8,2,188,188,0.004107654258513905,19762.16400000001
10,exponential,50,10,2,6,10,8,2,180,180,0.004604823428728437,20832.703799999974
11,exponential,50,10,3,6,10,8,2,174,174,0.003911190476694694,17977.524699999987
12,exponential,50,10,4,6,10,8,2,172,172,0.003942572370101408,17996.3745
13,exponential,50,10,5,6,10,8,2,171,171,0.003764593151532919,17434.71470000001
14,exponential,50,10,1,6,10,8,3,74,74,0.0023903257373436224,11275.330000000004
15,exponential,50,10,2,6,10,8,3,69,69,0.001284862073371015,10239.439999999999
16,exponential,50,10,3,6,10,8,3,68,68,0.0016495556363927627,10502.049999999992
17,exponential,50,10,4,6,10,8,3,69,69,0.0026127172283071385,11209.469999999998
18,exponential,50,10,5,6,10,8,3,68,68,0.002465152016404446,11141.720000000001
19,exponential,50,10,1,6,10,8,4,15,15,0.006602010916369424,10874.48
20,exponential,50,10,2,6,10,8,4,13,13,0.013381945995308129,11535.199999999999
21,exponential,50,10,3,6,10,8,4,13,13,0.015875920784433704,11871.35
22,exponential,50,10,4,6,10,8,4,13,13,0.02172357824376028,12889.900000000001
23,exponential,50,10,5,6,10,8,4,13,13,0.020448234882511327,12707.369999999999
24,exponential,50,10,1,6,10,8,5,3,3,0.1466593128000597,14726.18
25,exponential,50,10,2,6,10,8,5,3,3,0.09726053656387697,13142.54
26,exponential,50,10,3,6,10,8,5,3,3,0.10894388097592222,13539.56
27,exponential,50,10,4,6,10,8,5,3,3,0.09831060368482707,13179.06
28,exponential,50,10,5,6,10,8,5,3,3,0.09831060368482707,13179.06
29,exponential,50,10,1,6,10,8,6,0,0,,10000.0
30,exponential,50,10,2,6,10,8,6,0,0,,10000.0
31,exponential,50,10,3,6,10,8,6,0,0,,10000.0
32,exponential,50,10,4,6,10,8,6,0,0,,10000.0
33,exponential,50,10,5,6,10,8,6,0,0,,10000.0
34,exponential,50,10,1,6,10,10,1,252,251,0.004146183584298661,24836.34000000006
35,exponential,50,10,2,6,10,10,1,236,235,0.004226759450135826,23662.180000000048
36,exponential,50,10,3,6,10,10,1,230,229,0.0049548398441362175,27343.560000000038
37,exponential,50,10,4,6,10,10,1,226,225,0.005501884469126921,30483.94000000003
38,exponential,50,10,5,6,10,10,1,223,222,0.00536252382162589,29100.99000000005
39,exponential,50,10,1,6,10,10,2,189,189,0.002839003811925564,15589.595599999986
40,exponential,50,10,2,6,10,10,2,177,177,0.003649776383937278,17284.775099999995
41,exponential,50,10,3,6,10,10,2,173,173,0.002874899484553594,14900.515799999997
42,exponential,50,10,4,6,10,10,2,170,170,0.003029541405224811,15260.505599999988
43,exponential,50,10,5,6,10,10,2,169,169,0.0029421318815325555,15095.605699999993
44,exponential,50,10,1,6,10,10,3,81,81,0.008488589496987912,18673.099999999995
45,exponential,50,10,2,6,10,10,3,75,75,0.008008362787337988,16968.640000000003
46,exponential,50,10,3,6,10,10,3,75,75,0.00852045699093173,17631.619999999995
47,exponential,50,10,4,6,10,10,3,75,75,0.009002622665260864,18350.089999999993
48,exponential,50,10,5,6,10,10,3,75,75,0.008722043511045075,17966.95
49,exponential,50,10,1,6,10,10,4,20,20,0.007464930660474413,11419.18
50,exponential,50,10,2,6,10,10,4,19,19,0.006665153281577331,11124.979999999994
51,exponential,50,10,3,6,10,10,4,18,18,0.010577469296232761,11786.62
52,exponential,50,10,4,6,10,10,4,18,18,0.012151150458050673,12113.629999999997
53,exponential,50,10,5,6,10,10,4,18,18,0.011230069141593095,11938.639999999998
54,exponential,50,10,1,6,10,10,5,1,1,0.10477729056081231,11044.2
55,exponential,50,10,2,6,10,10,5,1,1,0.10477729056081231,11044.2
56,exponential,50,10,3,6,10,10,5,1,1,0.10477729056081231,11044.2
57,exponential,50,10,4,6,10,10,5,1,1,0.10477729056081231,11044.2
58,exponential,50,10,5,6,10,10,5,1,1,0.10477729056081231,11044.2
59,exponential,50,10,1,6,10,10,6,0,0,,10000.0
60,exponential,50,10,2,6,10,10,6,0,0,,10000.0
61,exponential,50,10,3,6,10,10,6,0,0,,10000.0
62,exponential,50,10,4,6,10,10,6,0,0,,10000.0
63,exponential,50,10,5,6,10,10,6,0,0,,10000.0
64,exponential,50,10,1,6,10,12,1,238,237,0.003918273804443425,22291.94000000002
65,exponential,50,10,2,6,10,12,1,220,219,0.0040485980294705645,21618.79999999999
66,exponential,50,10,3,6,10,12,1,213,212,0.0045118202820705324,23172.859999999982
67,exponential,50,10,4,6,10,12,1,211,210,0.004926560658362375,25098.889999999992
68,exponential,50,10,5,6,10,12,1,210,209,0.004957036335844137,25275.249999999996
69,exponential,50,10,1,6,10,12,2,183,183,0.0039965894009168805,18863.85499999998
70,exponential,50,10,2,6,10,12,2,169,169,0.004231364808288884,18472.809999999994
71,exponential,50,10,3,6,10,12,2,165,165,0.0033700678465982702,15762.459999999966
72,exponential,50,10,4,6,10,12,2,164,164,0.0038260497815500367,16986.49499999998
73,exponential,50,10,5,6,10,12,2,163,163,0.003740309283834295,16781.164999999968
74,exponential,50,10,1,6,10,12,3,82,82,0.0024128863878172748,11492.579999999994
75,exponential,50,10,2,6,10,12,3,78,78,0.001246485669797302,10325.289999999999
76,exponential,50,10,3,6,10,12,3,78,78,0.001469511702870212,10488.669999999993
77,exponential,50,10,4,6,10,12,3,78,78,0.0028891715113676876,11771.040000000003
78,exponential,50,10,5,6,10,12,3,78,78,0.0025514931632946865,11497.71000000001
79,exponential,50,10,1,6,10,12,4,22,22,0.0037972559145091457,10680.250000000002
80,exponential,50,10,2,6,10,12,4,22,22,0.0029518620702444066,10474.429999999998
81,exponential,50,10,3,6,10,12,4,21,21,0.006126776935146894,11149.009999999998
82,exponential,50,10,4,6,10,12,4,21,21,0.008723426899933011,11773.019999999999
83,exponential,50,10,5,6,10,12,4,21,21,0.007818818729125866,11559.439999999999
84,exponential,50,10,1,6,10,12,5,4,4,-0.04022152991180216,7302.45
85,exponential,50,10,2,6,10,12,5,4,4,-0.04022152991180216,7302.45
86,exponential,50,10,3,6,10,12,5,4,4,-0.04037043915162051,7299.089999999999
87,exponential,50,10,4,6,10,12,5,4,4,-0.04037043915162051,7299.089999999999
88,exponential,50,10,5,6,10,12,5,4,4,-0.04037043915162051,7299.089999999999
89,exponential,50,10,1,6,10,12,6,1,1,0.4873899417997313,14833.679999999998
90,exponential,50,10,2,6,10,12,6,1,1,0.4873899417997313,14833.679999999998
91,exponential,50,10,3,6,10,12,6,1,1,-0.0005969258319654716,9994.079999999998
92,exponential,50,10,4,6,10,12,6,1,1,-0.0005969258319654716,9994.079999999998
93,exponential,50,10,5,6,10,12,6,1,1,-0.0005969258319654716,9994.079999999998
94,exponential,50,10,1,6,10,14,1,232,231,0.004191264681950433,23569.100000000046
95,exponential,50,10,2,6,10,14,1,217,216,0.0042386989253163365,22305.68999999999
96,exponential,50,10,3,6,10,14,1,210,209,0.004917368839521381,24971.069999999985
97,exponential,50,10,4,6,10,14,1,207,206,0.00559240628464547,28435.71999999999
98,exponential,50,10,5,6,10,14,1,205,204,0.005442196305629514,27295.910000000003
99,exponential,50,10,1,6,10,14,2,184,184,0.0038512170476560164,18536.399999999994
100,exponential,50,10,2,6,10,14,2,171,171,0.004122693642043495,18330.999999999978
101,exponential,50,10,3,6,10,14,2,166,166,0.004039359747446972,17670.76499999996
102,exponential,50,10,4,6,10,14,2,165,165,0.004546424602111545,19269.674999999977
103,exponential,50,10,5,6,10,14,2,163,163,0.004528789789939829,19132.07
104,exponential,50,10,1,6,10,14,3,90,90,0.0013593702588185564,10560.72999999999
105,exponential,50,10,2,6,10,14,3,85,85,0.0012567605826545117,10389.53
106,exponential,50,10,3,6,10,14,3,83,83,0.0013713219564296356,10393.150000000003
107,exponential,50,10,4,6,10,14,3,83,83,0.0027053558805865806,11652.020000000008
108,exponential,50,10,5,6,10,14,3,81,81,0.002057715739482492,11035.77000000001
109,exponential,50,10,1,6,10,14,4,28,28,0.002926799659844063,10640.449999999997
110,exponential,50,10,2,6,10,14,4,27,27,0.006883305531681337,11698.629999999997
111,exponential,50,10,3,6,10,14,4,27,27,0.008700574097121563,12236.890000000003
112,exponential,50,10,4,6,10,14,4,27,27,0.009359323990275396,12419.960000000006
113,exponential,50,10,5,6,10,14,4,26,26,0.010096199017604916,12562.090000000004
114,exponential,50,10,1,6,10,14,5,7,7,-0.03105858941414671,6961.520000000001
115,exponential,50,10,2,6,10,14,5,7,7,-0.023002187308545887,7343.6
116,exponential,50,10,3,6,10,14,5,7,7,-0.0230872783027278,7324.64
117,exponential,50,10,4,6,10,14,5,7,7,-0.0230872783027278,7324.64
118,exponential,50,10,5,6,10,14,5,7,7,-0.0230872783027278,7324.64
119,exponential,50,10,1,6,10,14,6,2,2,0.06582113056326544,11280.15
120,exponential,50,10,2,6,10,14,6,2,2,0.05261469703810687,10985.439999999999
121,exponential,50,10,3,6,10,14,6,2,2,0.07042376266903769,11324.38
122,exponential,50,10,4,6,10,14,6,2,2,0.05451256524660758,11021.56
123,exponential,50,10,5,6,10,14,6,2,2,0.05775883940921639,11085.8
124,exponential,50,10,1,6,13,2,1,0,0,,10000.0
125,exponential,50,10,2,6,13,2,1,0,0,,10000.0
126,exponential,50,10,3,6,13,2,1,0,0,,10000.0
127,exponential,50,10,4,6,13,2,1,0,0,,10000.0
128,exponential,50,10,5,6,13,2,1,0,0,,10000.0
129,exponential,50,10,1,6,13,2,2,0,0,,10000.0
130,exponential,50,10,2,6,13,2,2,0,0,,10000.0
131,exponential,50,10,3,6,13,2,2,0,0,,10000.0
132,exponential,50,10,4,6,13,2,2,0,0,,10000.0
133,exponential,50,10,5,6,13,2,2,0,0,,10000.0
134,exponential,50,10,1,6,13,2,3,0,0,,10000.0
135,exponential,50,10,2,6,13,2,3,0,0,,10000.0
136,exponential,50,10,3,6,13,2,3,0,0,,10000.0
137,exponential,50,10,4,6,13,2,3,0,0,,10000.0
138,exponential,50,10,5,6,13,2,3,0,0,,10000.0
139,exponential,50,10,1,6,13,2,4,0,0,,10000.0
140,exponential,50,10,2,6,13,2,4,0,0,,10000.0
141,exponential,50,10,3,6,13,2,4,0,0,,10000.0
142,exponential,50,10,4,6,13,2,4,0,0,,10000.0
143,exponential,50,10,5,6,13,2,4,0,0,,10000.0
144,exponential,50,10,1,6,13,2,5,0,0,,10000.0
145,exponential,50,10,2,6,13,2,5,0,0,,10000.0
146,exponential,50,10,3,6,13,2,5,0,0,,10000.0
147,exponential,50,10,4,6,13,2,5,0,0,,10000.0
148,exponential,50,10,5,6,13,2,5,0,0,,10000.0
149,exponential,50,10,1,6,13,2,6,0,0,,10000.0
150,exponential,50,10,2,6,13,2,6,0,0,,10000.0
151,exponential,50,10,3,6,13,2,6,0,0,,10000.0
152,exponential,50,10,4,6,13,2,6,0,0,,10000.0
153,exponential,50,10,5,6,13,2,6,0,0,,10000.0
154,exponential,50,10,1,6,13,4,1,289,288,0.0034891317267327993,22799.959999999985
155,exponential,50,10,2,6,13,4,1,262,261,0.0038893859256483704,23263.669999999984
156,exponential,50,10,3,6,13,4,1,256,255,0.004530570013099202,27475.949999999986
157,exponential,50,10,4,6,13,4,1,252,251,0.004968738048391241,30192.139999999992
158,exponential,50,10,5,6,13,4,1,252,251,0.00501813880337305,30597.04999999995
159,exponential,50,10,1,6,13,4,2,184,184,0.004109203598114805,19032.729999999974
160,exponential,50,10,2,6,13,4,2,176,176,0.005690272710008884,23948.323299999982
161,exponential,50,10,3,6,13,4,2,172,172,0.005107247158195324,21321.70349999996
162,exponential,50,10,4,6,13,4,2,169,169,0.005040090366765665,20852.133399999995
163,exponential,50,10,5,6,13,4,2,168,168,0.005785408747890426,23465.76329999998
164,exponential,50,10,1,6,13,4,3,54,54,0.0031760786866262955,11001.310000000009
165,exponential,50,10,2,6,13,4,3,52,52,0.002805486480611161,10864.989999999996
166,exponential,50,10,3,6,13,4,3,53,53,0.0027082069796801663,10926.28
167,exponential,50,10,4,6,13,4,3,53,53,0.003208677849366263,11227.600000000002
168,exponential,50,10,5,6,13,4,3,53,53,0.0028222427227140006,10998.380000000005
169,exponential,50,10,1,6,13,4,4,13,13,-0.006510495458266621,8940.369999999999
170,exponential,50,10,2,6,13,4,4,13,13,-0.01034222291121101,8483.640000000001
171,exponential,50,10,3,6,13,4,4,13,13,0.011919678437224976,11536.04
172,exponential,50,10,4,6,13,4,4,13,13,0.01119199598845617,11424.050000000003
173,exponential,50,10,5,6,13,4,4,12,12,0.002795633708306092,10248.099999999997
174,exponential,50,10,1,6,13,4,5,1,1,-0.003806913354652048,9962.0
175,exponential,50,10,2,6,13,4,5,1,1,-0.04324653570884732,9568.32
176,exponential,50,10,3,6,13,4,5,1,1,-0.04324653570884732,9568.32
177,exponential,50,10,4,6,13,4,5,1,1,-0.052687680828384355,9474.08
178,exponential,50,10,5,6,13,4,5,1,1,-0.052687680828384355,9474.08
179,exponential,50,10,1,6,13,4,6,0,0,,10000.0
180,exponential,50,10,2,6,13,4,6,0,0,,10000.0
181,exponential,50,10,3,6,13,4,6,0,0,,10000.0
182,exponential,50,10,4,6,13,4,6,0,0,,10000.0
183,exponential,50,10,5,6,13,4,6,0,0,,10000.0
184,exponential,50,10,1,6,13,6,1,268,267,0.003812574063464272,23678.150000000016
185,exponential,50,10,2,6,13,6,1,247,246,0.0038428646324525396,21946.78999999998
186,exponential,50,10,3,6,13,6,1,241,240,0.003907725613792397,22580.119999999963
187,exponential,50,10,4,6,13,6,1,235,234,0.004337874541690554,24507.360000000015
188,exponential,50,10,5,6,13,6,1,234,233,0.004611672123831221,25994.779999999995
189,exponential,50,10,1,6,13,6,2,189,189,0.003751646268315424,18578.39399999998
190,exponential,50,10,2,6,13,6,2,179,179,0.004887882150480354,21800.153399999977
191,exponential,50,10,3,6,13,6,2,173,173,0.003892866949546943,17907.924300000002
192,exponential,50,10,4,6,13,6,2,170,170,0.003926178611636673,17851.844099999962
193,exponential,50,10,5,6,13,6,2,170,170,0.004276681442305283,18937.124199999977
194,exponential,50,10,1,6,13,6,3,68,68,0.004309784586171519,12944.279999999997
195,exponential,50,10,2,6,13,6,3,65,65,0.006742039665308284,14843.420000000006
196,exponential,50,10,3,6,13,6,3,65,65,0.007581336121260098,15645.849999999988
197,exponential,50,10,4,6,13,6,3,66,66,0.008491612488249685,16794.099999999995
198,exponential,50,10,5,6,13,6,3,66,66,0.009243647793712288,17676.0
199,exponential,50,10,1,6,13,6,4,15,15,0.0032635067402291117,10383.299999999996
200,exponential,50,10,2,6,13,6,4,13,13,-0.0025334116578386652,9507.409999999998
201,exponential,50,10,3,6,13,6,4,13,13,-0.004534981502240489,9236.49
202,exponential,50,10,4,6,13,6,4,13,13,6.0118290251745743e-05,9825.939999999997
203,exponential,50,10,5,6,13,6,4,13,13,-0.0008279338561702914,9702.72
204,exponential,50,10,1,6,13,6,5,4,4,0.09212067416643976,14085.479999999998
205,exponential,50,10,2,6,13,6,5,4,4,0.06413558594022706,12564.46
206,exponential,50,10,3,6,13,6,5,4,4,0.07344784072905697,12951.82
207,exponential,50,10,4,6,13,6,5,4,4,0.07908864150547197,13351.19
208,exponential,50,10,5,6,13,6,5,4,4,0.07343578097858947,13077.49
209,exponential,50,10,1,6,13,6,6,0,0,,10000.0
210,exponential,50,10,2,6,13,6,6,0,0,,10000.0
211,exponential,50,10,3,6,13,6,6,0,0,,10000.0
212,exponential,50,10,4,6,13,6,6,0,0,,10000.0
213,exponential,50,10,5,6,13,6,6,0,0,,10000.0
214,exponential,50,10,1,6,13,8,1,250,249,0.004629991714536179,27934.18000000005
215,exponential,50,10,2,6,13,8,1,234,233,0.004395555740591968,24471.550000000047
216,exponential,50,10,3,6,13,8,1,228,227,0.0051359314700474825,28168.17000000004
217,exponential,50,10,4,6,13,8,1,224,223,0.005693207641378959,31583.42000000003
218,exponential,50,10,5,6,13,8,1,223,222,0.005429521835229704,29547.56000000003
219,exponential,50,10,1,6,13,8,2,186,186,0.002954230068444566,15799.199999999988
220,exponential,50,10,2,6,13,8,2,175,175,0.0042067901862305745,19018.9
221,exponential,50,10,3,6,13,8,2,170,170,0.0035226181290277003,16577.749999999985
222,exponential,50,10,4,6,13,8,2,167,167,0.00368999058995782,16943.819999999992
223,exponential,50,10,5,6,13,8,2,166,166,0.0036147448765010788,16723.60999999997
224,exponential,50,10,1,6,13,8,3,73,73,0.0077652818881347955,16500.749999999996
225,exponential,50,10,2,6,13,8,3,68,68,0.008085871354998952,16009.510000000004
226,exponential,50,10,3,6,13,8,3,68,68,0.008029179019897267,15900.749999999996
227,exponential,50,10,4,6,13,8,3,68,68,0.008739155224703239,16761.26
228,exponential,50,10,5,6,13,8,3,68,68,0.008430485133357306,16459.079999999994
229,exponential,50,10,1,6,13,8,4,19,19,0.00971287490674343,11746.990000000005
230,exponential,50,10,2,6,13,8,4,18,18,0.004926521118158203,10579.860000000006
231,exponential,50,10,3,6,13,8,4,18,18,0.0038661896698726434,10373.360000000002
232,exponential,50,10,4,6,13,8,4,18,18,0.0073130622047352005,11096.990000000002
233,exponential,50,10,5,6,13,8,4,18,18,0.0062576860054602,10908.430000000004
234,exponential,50,10,1,6,13,8,5,2,2,0.090797884820502,11884.18
235,exponential,50,10,2,6,13,8,5,2,2,0.090797884820502,11884.18
236,exponential,50,10,3,6,13,8,5,2,2,0.090797884820502,11884.18
237,exponential,50,10,4,6,13,8,5,2,2,0.090797884820502,11884.18
238,exponential,50,10,5,6,13,8,5,2,2,0.090797884820502,11884.18
239,exponential,50,10,1,6,13,8,6,0,0,,10000.0
240,exponential,50,10,2,6,13,8,6,0,0,,10000.0
241,exponential,50,10,3,6,13,8,6,0,0,,10000.0
242,exponential,50,10,4,6,13,8,6,0,0,,10000.0
243,exponential,50,10,5,6,13,8,6,0,0,,10000.0
244,exponential,50,10,1,6,13,10,1,237,236,0.0039177326309686586,22361.579999999958
245,exponential,50,10,2,6,13,10,1,218,217,0.003901491541200296,20768.24999999998
246,exponential,50,10,3,6,13,10,1,212,211,0.004423703149893607,22780.079999999958
247,exponential,50,10,4,6,13,10,1,209,208,0.005086455927414112,25845.41999999999
248,exponential,50,10,5,6,13,10,1,209,208,0.004879050321585124,24734.429999999982
249,exponential,50,10,1,6,13,10,2,188,188,0.0036184487476618775,18078.579999999987
0,exponential,50,10,2,6,13,10,2,174,174,0.004041017258770538,18342.519999999964
1,exponential,50,10,3,6,13,10,2,169,169,0.003317518761643341,15845.899999999954
2,exponential,50,10,4,6,13,10,2,168,168,0.0037583615285540876,17165.709999999966
3,exponential,50,10,5,6,13,10,2,167,167,0.0036907139957916587,16895.67999999996
4,exponential,50,10,1,6,13,10,3,85,85,0.003946411083834983,13248.909999999994
5,exponential,50,10,2,6,13,10,3,82,82,0.003405610827647389,12452.099999999997
6,exponential,50,10,3,6,13,10,3,82,82,0.002432733065721701,11368.740000000009
7,exponential,50,10,4,6,13,10,3,81,81,0.002768792648701577,11699.42
8,exponential,50,10,5,6,13,10,3,80,80,0.0026430287513731225,11603.879999999997
9,exponential,50,10,1,6,13,10,4,28,28,-0.00027684121605475037,9719.200000000008
10,exponential,50,10,2,6,13,10,4,26,26,0.0027865598779614133,10405.850000000006
11,exponential,50,10,3,6,13,10,4,25,25,0.004692960273048607,10815.169999999998
12,exponential,50,10,4,6,13,10,4,25,25,0.005886789594155388,11159.980000000003
13,exponential,50,10,5,6,13,10,4,25,25,0.008094211864866146,11804.230000000003
14,exponential,50,10,1,6,13,10,5,7,7,-0.03437308055713344,6741.6100000000015
15,exponential,50,10,2,6,13,10,5,7,7,-0.0264785256677605,7144.710000000001
16,exponential,50,10,3,6,13,10,5,7,7,-0.025657272251066277,7176.42
17,exponential,50,10,4,6,13,10,5,7,7,-0.020726327063323512,7424.739999999999
18,exponential,50,10,5,6,13,10,5,7,7,-0.020726327063323512,7424.739999999999
19,exponential,50,10,1,6,13,10,6,1,1,0.14728340027364614,11468.28
20,exponential,50,10,2,6,13,10,6,1,1,0.14728340027364614,11468.28
21,exponential,50,10,3,6,13,10,6,1,1,0.18290153153550778,11823.359999999999
22,exponential,50,10,4,6,13,10,6,1,1,0.15107913669064757,11506.12
23,exponential,50,10,5,6,13,10,6,1,1,0.15107913669064757,11506.12
24,exponential,50,10,1,6,13,12,1,217,216,0.0037852688532053506,20329.13
25,exponential,50,10,2,6,13,12,1,202,201,0.0038075870687559995,19181.370000000006
26,exponential,50,10,3,6,13,12,1,196,195,0.0041431601951941,20065.899999999958
27,exponential,50,10,4,6,13,12,1,193,192,0.004855381704737345,22784.450000000008
28,exponential,50,10,5,6,13,12,1,192,191,0.004692338723448257,22084.85
29,exponential,50,10,1,6,13,12,2,177,177,0.003867277846266956,18217.829999999994
30,exponential,50,10,2,6,13,12,2,165,165,0.00400400584826924,17597.929999999964
31,exponential,50,10,3,6,13,12,2,162,162,0.004189865720744721,17773.009999999977
32,exponential,50,10,4,6,13,12,2,161,161,0.004715554124842791,19449.129999999972
33,exponential,50,10,5,6,13,12,2,158,158,0.0043684823857036495,18172.899999999987
34,exponential,50,10,1,6,13,12,3,86,86,0.002247684602286441,11417.429999999997
35,exponential,50,10,2,6,13,12,3,84,84,0.0012564840284007349,10341.460000000021
36,exponential,50,10,3,6,13,12,3,83,83,0.0021654527857081856,11072.340000000004
37,exponential,50,10,4,6,13,12,3,83,83,0.002727046167754905,11645.909999999998
38,exponential,50,10,5,6,13,12,3,82,82,0.0023584526729082274,11305.490000000016
39,exponential,50,10,1,6,13,12,4,32,32,0.0056617323367741095,11707.539999999994
40,exponential,50,10,2,6,13,12,4,30,30,0.008123346065407763,12256.649999999998
41,exponential,50,10,3,6,13,12,4,30,30,0.009644015589798475,12791.280000000004
42,exponential,50,10,4,6,13,12,4,30,30,0.010335399905786807,13053.199999999997
43,exponential,50,10,5,6,13,12,4,30,30,0.0101752949866604,13036.279999999999
44,exponential,50,10,1,6,13,12,5,7,7,0.0012780279402091754,10017.380000000005
45,exponential,50,10,2,6,13,12,5,7,7,0.004283605264316022,10224.73
46,exponential,50,10,3,6,13,12,5,7,7,-0.0023029102676873836,9736.980000000001
47,exponential,50,10,4,6,13,12,5,7,7,0.0012968343703983834,9985.48
48,exponential,50,10,5,6,13,12,5,7,7,0.0012968343703983834,9985.48
49,exponential,50,10,1,6,13,12,6,0,0,,10000.0
50,exponential,50,10,2,6,13,12,6,0,0,,10000.0
51,exponential,50,10,3,6,13,12,6,0,0,,10000.0
52,exponential,50,10,4,6,13,12,6,0,0,,10000.0
53,exponential,50,10,5,6,13,12,6,0,0,,10000.0
54,exponential,50,10,1,6,13,14,1,202,201,0.0029322787984148264,16009.660000000003
55,exponential,50,10,2,6,13,14,1,192,191,0.002492162174462869,14240.360000000013
56,exponential,50,10,3,6,13,14,1,185,184,0.002963219721574975,15309.810000000036
57,exponential,50,10,4,6,13,14,1,181,180,0.0038500101043615763,17835.69999999999
58,exponential,50,10,5,6,13,14,1,180,179,0.0036741630437772932,17286.69000000003
59,exponential,50,10,1,6,13,14,2,171,171,0.003644172532578523,17080.579999999973
60,exponential,50,10,2,6,13,14,2,161,161,0.0032161456551504887,15123.879999999963
61,exponential,50,10,3,6,13,14,2,155,155,0.0033090745696396926,14999.13999999997
62,exponential,50,10,4,6,13,14,2,154,154,0.003852846214902891,16419.02999999998
63,exponential,50,10,5,6,13,14,2,151,151,0.003293790986003459,14885.63999999998
64,exponential,50,10,1,6,13,14,3,86,86,0.005866959565904413,15796.310000000001
65,exponential,50,10,2,6,13,14,3,84,84,0.005648077589020246,15222.54
66,exponential,50,10,3,6,13,14,3,81,81,0.006097089555591888,15530.749999999998
67,exponential,50,10,4,6,13,14,3,80,80,0.006502600848717915,15940.870000000012
68,exponential,50,10,5,6,13,14,3,79,79,0.006167811241627176,15446.980000000007
69,exponential,50,10,1,6,13,14,4,30,30,0.0040141538653633785,11110.330000000002
70,exponential,50,10,2,6,13,14,4,29,29,0.0037561909566800624,10996.570000000002
71,exponential,50,10,3,6,13,14,4,28,28,0.007144716601326599,12030.860000000002
72,exponential,50,10,4,6,13,14,4,28,28,0.00579406460797943,11600.100000000002
73,exponential,50,10,5,6,13,14,4,27,27,0.009046179654468287,12554.560000000003
74,exponential,50,10,1,6,13,14,5,4,4,-0.09248134153458136,6032.91
75,exponential,50,10,2,6,13,14,5,4,4,-0.1045873542727784,5745.630000000002
76,exponential,50,10,3,6,13,14,5,4,4,-0.10902695617221247,5647.350000000002
77,exponential,50,10,4,6,13,14,5,4,4,-0.11135655713411222,5595.270000000002
78,exponential,50,10,5,6,13,14,5,4,4,-0.11135655713411222,5595.270000000002
79,exponential,50,10,1,6,13,14,6,1,1,-0.015641139147115277,9845.24
80,exponential,50,10,2,6,13,14,6,1,1,-0.04205400619743241,9583.9
81,exponential,50,10,3,6,13,14,6,1,1,-0.04205400619743241,9583.9
82,exponential,50,10,4,6,13,14,6,1,1,-0.04205400619743241,9583.9
83,exponential,50,10,5,6,13,14,6,1,1,-0.0355614578722148,9648.14
84,exponential,50,10,1,6,16,2,1,0,0,,10000.0
85,exponential,50,10,2,6,16,2,1,0,0,,10000.0
86,exponential,50,10,3,6,16,2,1,0,0,,10000.0
87,exponential,50,10,4,6,16,2,1,0,0,,10000.0
88,exponential,50,10,5,6,16,2,1,0,0,,10000.0
89,exponential,50,10,1,6,16,2,2,0,0,,10000.0
90,exponential,50,10,2,6,16,2,2,0,0,,10000.0
91,exponential,50,10,3,6,16,2,2,0,0,,10000.0
92,exponential,50,10,4,6,16,2,2,0,0,,10000.0
93,exponential,50,10,5,6,16,2,2,0,0,,10000.0
94,exponential,50,10,1,6,16,2,3,0,0,,10000.0
95,exponential,50,10,2,6,16,2,3,0,0,,10000.0
96,exponential,50,10,3,6,16,2,3,0,0,,10000.0
97,exponential,50,10,4,6,16,2,3,0,0,,10000.0
98,exponential,50,10,5,6,16,2,3,0,0,,10000.0
99,exponential,50,10,1,6,16,2,4,0,0,,10000.0
100,exponential,50,10,2,6,16,2,4,0,0,,10000.0
101,exponential,50,10,3,6,16,2,4,0,0,,10000.0
102,exponential,50,10,4,6,16,2,4,0,0,,10000.0
103,exponential,50,10,5,6,16,2,4,0,0,,10000.0
104,exponential,50,10,1,6,16,2,5,0,0,,10000.0
105,exponential,50,10,2,6,16,2,5,0,0,,10000.0
106,exponential,50,10,3,6,16,2,5,0,0,,10000.0
107,exponential,50,10,4,6,16,2,5,0,0,,10000.0
108,exponential,50,10,5,6,16,2,5,0,0,,10000.0
109,exponential,50,10,1,6,16,2,6,0,0,,10000.0
110,exponential,50,10,2,6,16,2,6,0,0,,10000.0
111,exponential,50,10,3,6,16,2,6,0,0,,10000.0
112,exponential,50,10,4,6,16,2,6,0,0,,10000.0
113,exponential,50,10,5,6,16,2,6,0,0,,10000.0
114,exponential,50,10,1,6,16,4,1,270,269,0.0033384714927118773,20824.24000000003
115,exponential,50,10,2,6,16,4,1,244,243,0.0038841886826702456,22007.540000000005
116,exponential,50,10,3,6,16,4,1,238,237,0.00400267343744403,22800.949999999986
117,exponential,50,10,4,6,16,4,1,233,232,0.004473673164368156,25056.219999999998
118,exponential,50,10,5,6,16,4,1,234,233,0.00473325923058536,26663.15
119,exponential,50,10,1,6,16,4,2,176,176,0.002999183069000025,15352.339999999998
120,exponential,50,10,2,6,16,4,2,166,166,0.0040406719586261785,17659.549999999996
121,exponential,50,10,3,6,16,4,2,161,161,0.00301897431383225,14776.899999999974
122,exponential,50,10,4,6,16,4,2,158,158,0.0030605845543999815,14846.759999999986
123,exponential,50,10,5,6,16,4,2,158,158,0.00357467488182045,16123.140000000014
124,exponential,50,10,1,6,16,4,3,56,56,-0.004934303215807988,6720.840000000006
125,exponential,50,10,2,6,16,4,3,55,55,-0.005532157904162613,6618.220000000003
126,exponential,50,10,3,6,16,4,3,55,55,-0.0059707405557484945,6563.7999999999965
127,exponential,50,10,4,6,16,4,3,55,55,-0.005244015105409658,6901.749999999995
128,exponential,50,10,5,6,16,4,3,55,55,-0.004236545651698146,7249.959999999998
129,exponential,50,10,1,6,16,4,4,13,13,-0.003940526204544393,8833.41
130,exponential,50,10,2,6,16,4,4,13,13,-0.0011217827383566842,9131.889999999996
131,exponential,50,10,3,6,16,4,4,13,13,0.01880971050241337,12449.259999999997
132,exponential,50,10,4,6,16,4,4,13,13,0.017755738759451935,12312.149999999998
133,exponential,50,10,5,6,16,4,4,13,13,0.017133587373941772,12210.04
134,exponential,50,10,1,6,16,4,5,2,2,0.06145614451153203,11228.659999999998
135,exponential,50,10,2,6,16,4,5,2,2,0.06145614451153203,11228.659999999998
136,exponential,50,10,3,6,16,4,5,2,2,0.06145614451153203,11228.659999999998
137,exponential,50,10,4,6,16,4,5,2,2,0.06145614451153203,11228.659999999998
138,exponential,50,10,5,6,16,4,5,2,2,0.06145614451153203,11228.659999999998
139,exponential,50,10,1,6,16,4,6,1,1,0.19025596410092044,11869.75
140,exponential,50,10,2,6,16,4,6,1,1,0.19025596410092044,11869.75
141,exponential,50,10,3,6,16,4,6,1,1,0.22720820550391504,12232.9
142,exponential,50,10,4,6,16,4,6,1,1,0.19419387334584928,11908.45
143,exponential,50,10,5,6,16,4,6,1,1,0.19419387334584928,11908.45
144,exponential,50,10,1,6,16,6,1,245,244,0.004256407223232139,25046.360000000015
145,exponential,50,10,2,6,16,6,1,228,227,0.004208310956511357,22968.74000000001
146,exponential,50,10,3,6,16,6,1,224,223,0.004949743708839086,26739.52
147,exponential,50,10,4,6,16,6,1,220,219,0.005360264432318306,28767.730000000003
148,exponential,50,10,5,6,16,6,1,219,218,0.0054025648646220175,28856.109999999993
149,exponential,50,10,1,6,16,6,2,178,178,0.0024704886773266005,14236.399999999978
150,exponential,50,10,2,6,16,6,2,169,169,0.0038810357985284813,17530.649999999965
151,exponential,50,10,3,6,16,6,2,164,164,0.003253935973145353,15489.439999999982
152,exponential,50,10,4,6,16,6,2,162,162,0.0035107556195711747,16135.459999999981
153,exponential,50,10,5,6,16,6,2,161,161,0.003533362608214281,16202.66999999997
154,exponential,50,10,1,6,16,6,3,77,77,0.009807513116755552,20383.819999999992
155,exponential,50,10,2,6,16,6,3,74,74,0.011590524906001723,22460.500000000025
156,exponential,50,10,3,6,16,6,3,74,74,0.011713339993306465,22599.139999999985
157,exponential,50,10,4,6,16,6,3,74,74,0.01182382399205765,22826.410000000007
158,exponential,50,10,5,6,16,6,3,72,72,0.011609381970772954,22030.030000000013
159,exponential,50,10,1,6,16,6,4,19,19,0.009945968517416068,11914.789999999999
160,exponential,50,10,2,6,16,6,4,17,17,0.005129755317688834,10667.479999999998
161,exponential,50,10,3,6,16,6,4,17,17,-0.002162730302365218,9444.489999999998
162,exponential,50,10,4,6,16,6,4,17,17,-0.00047724917801118366,9765.41
163,exponential,50,10,5,6,16,6,4,17,17,-0.0026183046345064583,9397.82
164,exponential,50,10,1,6,16,6,5,5,5,0.04792980515822533,12562.889999999998
165,exponential,50,10,2,6,16,6,5,5,5,0.025541734577255164,11198.309999999998
166,exponential,50,10,3,6,16,6,5,5,5,0.025541734577255164,11198.309999999998
167,exponential,50,10,4,6,16,6,5,5,5,0.03671027180581849,11861.399999999998
168,exponential,50,10,5,6,16,6,5,5,5,0.03218798338431249,11627.529999999997
169,exponential,50,10,1,6,16,6,6,0,0,,10000.0
170,exponential,50,10,2,6,16,6,6,0,0,,10000.0
171,exponential,50,10,3,6,16,6,6,0,0,,10000.0
172,exponential,50,10,4,6,16,6,6,0,0,,10000.0
173,exponential,50,10,5,6,16,6,6,0,0,,10000.0
174,exponential,50,10,1,6,16,8,1,229,228,0.004046680669618472,22227.140000000003
175,exponential,50,10,2,6,16,8,1,215,214,0.003926914326922529,20535.179999999986
176,exponential,50,10,3,6,16,8,1,209,208,0.004434809777336461,22390.09999999999
177,exponential,50,10,4,6,16,8,1,206,205,0.005077692609302197,25365.45999999999
178,exponential,50,10,5,6,16,8,1,206,205,0.0048856276382735165,24399.68000000004
179,exponential,50,10,1,6,16,8,2,182,182,0.003228522336585394,16405.939999999973
180,exponential,50,10,2,6,16,8,2,168,168,0.003896092153100019,17405.309999999983
181,exponential,50,10,3,6,16,8,2,163,163,0.003186501769230028,15173.279999999986
182,exponential,50,10,4,6,16,8,2,162,162,0.003646337071860255,16414.13999999997
183,exponential,50,10,5,6,16,8,2,161,161,0.003574991457241278,16172.649999999972
184,exponential,50,10,1,6,16,8,3,80,80,0.004515405867891809,13475.49
185,exponential,50,10,2,6,16,8,3,77,77,0.003976724889508997,12679.65
186,exponential,50,10,3,6,16,8,3,76,76,0.0033010043269359117,11933.719999999988
187,exponential,50,10,4,6,16,8,3,75,75,0.0033051829848929144,11927.900000000005
188,exponential,50,10,5,6,16,8,3,74,74,0.003106334140022411,11705.71
189,exponential,50,10,1,6,16,8,4,24,24,0.004814184566722633,11010.519999999999
190,exponential,50,10,2,6,16,8,4,23,23,0.001977805202799512,10224.320000000003
191,exponential,50,10,3,6,16,8,4,23,23,0.00047543240555077105,9867.890000000005
192,exponential,50,10,4,6,16,8,4,23,23,0.0008865130275836708,9985.820000000007
193,exponential,50,10,5,6,16,8,4,23,23,0.003285885060964928,10522.770000000006
194,exponential,50,10,1,6,16,8,5,6,6,0.03298815791101312,11973.670000000002
195,exponential,50,10,2,6,16,8,5,6,6,0.04317129997293092,12748.630000000001
196,exponential,50,10,3,6,16,8,5,6,6,0.03433035721302589,12068.640000000001
197,exponential,50,10,4,6,16,8,5,6,6,0.03433035721302589,12068.640000000001
198,exponential,50,10,5,6,16,8,5,6,6,0.03433035721302589,12068.640000000001
199,exponential,50,10,1,6,16,8,6,1,1,0.14728340027364614,11468.28
200,exponential,50,10,2,6,16,8,6,1,1,0.14728340027364614,11468.28
201,exponential,50,10,3,6,16,8,6,1,1,0.18290153153550778,11823.359999999999
202,exponential,50,10,4,6,16,8,6,1,1,0.15107913669064757,11506.12
203,exponential,50,10,5,6,16,8,6,1,1,0.15107913669064757,11506.12
204,exponential,50,10,1,6,16,10,1,211,210,0.003725831818242805,19596.270000000037
205,exponential,50,10,2,6,16,10,1,197,196,0.0036705203130035823,18305.38000000001
206,exponential,50,10,3,6,16,10,1,191,190,0.004052038639337705,19296.490000000005
207,exponential,50,10,4,6,16,10,1,188,187,0.004782317183174113,21937.970000000005
208,exponential,50,10,5,6,16,10,1,187,186,0.004616756173537469,21214.33000000001
209,exponential,50,10,1,6,16,10,2,178,178,0.0028832373311131853,15297.764999999983
210,exponential,50,10,2,6,16,10,2,167,167,0.0033586175123334738,15814.609999999982
211,exponential,50,10,3,6,16,10,2,161,161,0.003621355646523547,16099.38999999997
212,exponential,50,10,4,6,16,10,2,160,160,0.004146776415183348,17556.99499999999
213,exponential,50,10,5,6,16,10,2,159,159,0.0038612946585784677,16707.66499999997
214,exponential,50,10,1,6,16,10,3,85,85,0.003840361735526929,13031.609999999993
215,exponential,50,10,2,6,16,10,3,84,84,0.0036990024930936708,12759.64000000001
216,exponential,50,10,3,6,16,10,3,81,81,0.004080311874055048,12971.77
217,exponential,50,10,4,6,16,10,3,81,81,0.0041360510360180045,13033.290000000008
218,exponential,50,10,5,6,16,10,3,80,80,0.0037758552646534487,12590.770000000008
219,exponential,50,10,1,6,16,10,4,30,30,0.0058508258443832305,11629.669999999995
220,exponential,50,10,2,6,16,10,4,28,28,0.006372459916160712,11619.63
221,exponential,50,10,3,6,16,10,4,28,28,0.008252132258607969,12200.130000000001
222,exponential,50,10,4,6,16,10,4,28,28,0.00762972593386483,12001.190000000002
223,exponential,50,10,5,6,16,10,4,28,28,0.009968504568442256,12807.950000000004
224,exponential,50,10,1,6,16,10,5,7,7,0.001656682274369367,10039.380000000003
225,exponential,50,10,2,6,16,10,5,7,7,0.004662259598476214,10247.279999999999
226,exponential,50,10,3,6,16,10,5,7,7,-0.0019242559335271917,9758.43
227,exponential,50,10,4,6,16,10,5,7,7,0.001675488704558575,10007.479999999998
228,exponential,50,10,5,6,16,10,5,7,7,0.001675488704558575,10007.479999999998
229,exponential,50,10,1,6,16,10,6,1,1,0.14728340027364614,11468.28
230,exponential,50,10,2,6,16,10,6,1,1,0.14728340027364614,11468.28
231,exponential,50,10,3,6,16,10,6,1,1,0.18290153153550778,11823.359999999999
232,exponential,50,10,4,6,16,10,6,1,1,0.15107913669064757,11506.12
233,exponential,50,10,5,6,16,10,6,1,1,0.15107913669064757,11506.12
234,exponential,50,10,1,6,16,12,1,201,200,0.0029863289411651475,16093.08000000001
235,exponential,50,10,2,6,16,12,1,190,189,0.0028087900309071816,15088.569999999992
236,exponential,50,10,3,6,16,12,1,183,182,0.0032996733630988213,16161.760000000002
237,exponential,50,10,4,6,16,12,1,179,178,0.004202865340769631,18892.980000000043
238,exponential,50,10,5,6,16,12,1,179,178,0.003963858605719415,18077.420000000035
239,exponential,50,10,1,6,16,12,2,171,171,0.0050934183406898875,21763.55999999999
240,exponential,50,10,2,6,16,12,2,161,161,0.004798955164732176,19463.219999999987
241,exponential,50,10,3,6,16,12,2,155,155,0.00499617940283288,19406.724999999988
242,exponential,50,10,4,6,16,12,2,154,154,0.005550349006191573,21275.83999999995
243,exponential,50,10,5,6,16,12,2,152,152,0.005096244813427896,19650.80999999996
244,exponential,50,10,1,6,16,12,3,88,88,0.003897721855557938,13483.370000000012
245,exponential,50,10,2,6,16,12,3,86,86,0.004634980651151003,14084.050000000007
246,exponential,50,10,3,6,16,12,3,83,83,0.0048367015570070435,14098.810000000007
247,exponential,50,10,4,6,16,12,3,82,82,0.005341920956095843,14651.670000000002
248,exponential,50,10,5,6,16,12,3,81,81,0.005011308737168475,14231.020000000008
249,exponential,50,10,1,6,16,12,4,30,30,0.0031744541333163364,10877.149999999998
