,avgType,windowSlow,windowFast,steepness,stdev,numSell,exposure,drawdown,winLoss,value,zzz
0,logarithmic,100,40,1,1.2,77,0.4132047477744807,-0.23791257753380043,3.2777777777777777,20673.25000000002,logarithmic-100-40-1-1.2
1,logarithmic,100,40,2,1.2,79,0.42631058358061324,-0.2268010856027572,3.1578947368421053,21103.16000000001,logarithmic-100-40-2-1.2
2,logarithmic,100,40,3,1.2,76,0.415677546983185,-0.2478783030318764,2.8,19326.15000000001,logarithmic-100-40-3-1.2
3,logarithmic,100,40,4,1.2,75,0.410484668644906,-0.2486134409688444,2.75,18870.65,logarithmic-100-40-4-1.2
4,logarithmic,100,40,5,1.2,74,0.40677546983184965,-0.2479566327328546,2.7,18759.380000000005,logarithmic-100-40-5-1.2
5,logarithmic,100,40,1,1.4,77,0.4230959446092977,-0.2972271924382142,3.5294117647058822,19841.739999999998,logarithmic-100-40-1-1.4
6,logarithmic,100,40,2,1.4,80,0.43793273986152326,-0.2578016415720625,3.4444444444444446,22042.63000000001,logarithmic-100-40-2-1.4
7,logarithmic,100,40,3,1.4,77,0.4235905044510386,-0.25762176529880776,3.0526315789473686,20044.750000000015,logarithmic-100-40-3-1.4
8,logarithmic,100,40,4,1.4,75,0.41617210682492584,-0.23815529133891983,2.9473684210526314,19251.290000000008,logarithmic-100-40-4-1.4
9,logarithmic,100,40,5,1.4,74,0.41271018793273984,-0.23796866983172382,2.8947368421052633,19157.87,logarithmic-100-40-5-1.4
10,logarithmic,100,40,1,1.6,78,0.42556874381800197,-0.3629888571254599,3.588235294117647,18884.94,logarithmic-100-40-1-1.6
11,logarithmic,100,40,2,1.6,80,0.4391691394658754,-0.29964215400804656,3.4444444444444446,20565.66000000001,logarithmic-100-40-2-1.6
12,logarithmic,100,40,3,1.6,77,0.4260633036597428,-0.2972690043231918,3.0526315789473686,19125.76000000001,logarithmic-100-40-3-1.6
13,logarithmic,100,40,4,1.6,75,0.41913946587537093,-0.2972690043231918,2.9473684210526314,18052.760000000002,logarithmic-100-40-4-1.6
14,logarithmic,100,40,5,1.6,74,0.4149357072205737,-0.2581540918163671,2.8947368421052633,18983.940000000002,logarithmic-100-40-5-1.6
15,logarithmic,100,40,1,1.8,78,0.4258160237388724,-0.3391480704887906,3.588235294117647,19555.769999999993,logarithmic-100-40-1-1.8
16,logarithmic,100,40,2,1.8,80,0.4394164193867458,-0.3629888571254599,3.4444444444444446,18710.35000000001,logarithmic-100-40-2-1.8
17,logarithmic,100,40,3,1.8,77,0.42631058358061324,-0.29964215400804656,3.0526315789473686,19076.74000000001,logarithmic-100-40-3-1.8
18,logarithmic,100,40,4,1.8,75,0.4226013847675569,-0.30004279342167806,2.9473684210526314,17714.01000000002,logarithmic-100-40-4-1.8
19,logarithmic,100,40,5,1.8,74,0.41913946587537093,-0.2998167586918266,2.8947368421052633,17672.530000000017,logarithmic-100-40-5-1.8
20,logarithmic,125,10,1,1.0,71,0.38748763600395647,-0.16063162904104344,3.176470588235294,25535.3328,logarithmic-125-10-1-1.0
21,logarithmic,125,10,2,1.0,62,0.34000989119683483,-0.17037187823275324,3.1333333333333333,18933.51000000001,logarithmic-125-10-2-1.0
22,logarithmic,125,10,3,1.0,56,0.31973293768545996,-0.16181975199232485,3.6666666666666665,18859.94,logarithmic-125-10-3-1.0
23,logarithmic,125,10,4,1.0,51,0.2959940652818991,-0.16751799037721604,3.25,17480.44000000001,logarithmic-125-10-4-1.0
24,logarithmic,125,10,5,1.0,49,0.2687932739861523,-0.174816452665702,2.769230769230769,16841.490000000005,logarithmic-125-10-5-1.0
25,logarithmic,125,10,1,1.2,72,0.3916913946587537,-0.17413928740641757,3.0,23981.910000000003,logarithmic-125-10-1-1.2
26,logarithmic,125,10,2,1.2,63,0.3444609297725025,-0.16534901539376679,2.9375,19328.17000000001,logarithmic-125-10-2-1.2
27,logarithmic,125,10,3,1.2,57,0.32443125618199803,-0.15853465178568524,3.3846153846153846,19303.870000000003,logarithmic-125-10-3-1.2
28,logarithmic,125,10,4,1.2,52,0.30093966369930764,-0.15844421452482282,3.0,18124.78,logarithmic-125-10-4-1.2
29,logarithmic,125,10,5,1.2,50,0.27299703264094954,-0.15838977673107113,2.5714285714285716,17792.47000000001,logarithmic-125-10-5-1.2
30,logarithmic,125,10,1,1.4,72,0.39243323442136496,-0.1810712556508999,3.0,24055.119999999995,logarithmic-125-10-1-1.4
31,logarithmic,125,10,2,1.4,63,0.345944609297725,-0.1669509660509273,2.9375,19472.4,logarithmic-125-10-2-1.4
32,logarithmic,125,10,3,1.4,58,0.3301186943620178,-0.16704053693250942,3.4615384615384617,19697.130000000012,logarithmic-125-10-3-1.4
33,logarithmic,125,10,4,1.4,53,0.306379821958457,-0.1743856195793702,3.076923076923077,18344.82,logarithmic-125-10-4-1.4
34,logarithmic,125,10,5,1.4,51,0.2791790306627102,-0.1587678153047258,2.642857142857143,17652.969999999994,logarithmic-125-10-5-1.4
35,logarithmic,125,10,1,1.6,72,0.39663699307616224,-0.17791158895091042,3.0,24689.129999999997,logarithmic-125-10-1-1.6
36,logarithmic,125,10,2,1.6,64,0.3516320474777448,-0.17783227279453723,3.0,21075.060000000005,logarithmic-125-10-2-1.6
37,logarithmic,125,10,3,1.6,58,0.3303659742828882,-0.18128440683035488,3.4615384615384617,19356.040000000008,logarithmic-125-10-3-1.6
38,logarithmic,125,10,4,1.6,53,0.3068743818001978,-0.18128440683035488,3.076923076923077,18177.53,logarithmic-125-10-4-1.6
39,logarithmic,125,10,5,1.6,51,0.27967359050445106,-0.15845528861137634,2.642857142857143,17501.719999999998,logarithmic-125-10-5-1.6
0,logarithmic,125,10,1,1.8,72,0.3973788328387735,-0.1795761505210394,3.0,23798.106400000004,logarithmic-125-10-1-1.8
1,logarithmic,125,10,2,1.8,64,0.3528684470820969,-0.18669554276175385,3.0,19643.779999999995,logarithmic-125-10-2-1.8
2,logarithmic,125,10,3,1.8,58,0.33160237388724034,-0.1801678853662869,3.4615384615384617,19377.330000000005,logarithmic-125-10-3-1.8
3,logarithmic,125,10,4,1.8,53,0.30811078140454995,-0.1801678853662869,3.076923076923077,18234.03,logarithmic-125-10-4-1.8
4,logarithmic,125,10,5,1.8,51,0.2809099901088032,-0.15856867937008756,2.642857142857143,17530.70999999999,logarithmic-125-10-5-1.8
5,logarithmic,125,20,1,1.0,85,0.45820969337289813,-0.18128321433807715,3.0476190476190474,32579.210000000032,logarithmic-125-20-1-1.0
6,logarithmic,125,20,2,1.0,84,0.4465875370919881,-0.18128321433807715,3.0,32843.250000000015,logarithmic-125-20-2-1.0
7,logarithmic,125,20,3,1.0,84,0.4530168150346192,-0.16694449055717503,3.0,32726.81,logarithmic-125-20-3-1.0
8,logarithmic,125,20,4,1.0,80,0.42556874381800197,-0.16704034647523722,2.8095238095238093,27067.680000000004,logarithmic-125-20-4-1.0
9,logarithmic,125,20,5,1.0,79,0.412215628090999,-0.16704034647523722,2.761904761904762,26999.250000000015,logarithmic-125-20-5-1.0
10,logarithmic,125,20,1,1.2,86,0.46538081107814044,-0.18007348626779862,3.0952380952380953,32811.26000000001,logarithmic-125-20-1-1.2
11,logarithmic,125,20,2,1.2,85,0.45227497527200794,-0.1778822897658912,3.0476190476190474,36816.51,logarithmic-125-20-2-1.2
12,logarithmic,125,20,3,1.2,85,0.4557368941641939,-0.1778822897658912,3.0476190476190474,36373.81999999999,logarithmic-125-20-3-1.2
13,logarithmic,125,20,4,1.2,80,0.43051434223541046,-0.1778822897658912,3.0,29563.600000000006,logarithmic-125-20-4-1.2
14,logarithmic,125,20,5,1.2,79,0.41815034619188923,-0.18134645845660627,2.95,27722.47,logarithmic-125-20-5-1.2
15,logarithmic,125,20,1,1.4,89,0.4700791295746785,-0.18881616339669463,3.0454545454545454,35429.52000000002,logarithmic-125-20-1-1.4
16,logarithmic,125,20,2,1.4,86,0.45524233432245303,-0.186728031384726,3.0952380952380953,35725.13000000001,logarithmic-125-20-2-1.4
17,logarithmic,125,20,3,1.4,86,0.45845697329376855,-0.18018784432837198,3.0952380952380953,35653.62000000001,logarithmic-125-20-3-1.4
18,logarithmic,125,20,4,1.4,81,0.4332344213649852,-0.18018784432837198,3.05,28955.15000000001,logarithmic-125-20-4-1.4
19,logarithmic,125,20,5,1.4,80,0.4208704253214639,-0.1778822897658912,3.0,30025.490000000005,logarithmic-125-20-5-1.4
20,logarithmic,125,20,1,1.6,89,0.47181008902077154,-0.22279099053482287,3.0454545454545454,33956.430000000015,logarithmic-125-20-1-1.6
21,logarithmic,125,20,2,1.6,86,0.45548961424332346,-0.1795504606366685,3.0952380952380953,36025.86600000002,logarithmic-125-20-2-1.6
22,logarithmic,125,20,3,1.6,86,0.4589515331355094,-0.1795504606366685,3.0952380952380953,35662.99600000001,logarithmic-125-20-3-1.6
23,logarithmic,125,20,4,1.6,81,0.4334817012858556,-0.186728031384726,3.05,28719.27999999999,logarithmic-125-20-4-1.6
24,logarithmic,125,20,5,1.6,80,0.42136498516320475,-0.186728031384726,3.0,28700.559999999994,logarithmic-125-20-5-1.6
25,logarithmic,125,20,1,1.8,89,0.47477744807121663,-0.2670401275934753,3.238095238095238,35398.280000000035,logarithmic-125-20-1-1.8
26,logarithmic,125,20,2,1.8,86,0.4567260138476756,-0.2485869358231374,3.0952380952380953,32951.38,logarithmic-125-20-2-1.8
27,logarithmic,125,20,3,1.8,86,0.4631552917903066,-0.19828317929759673,3.0952380952380953,34362.360000000015,logarithmic-125-20-3-1.8
28,logarithmic,125,20,4,1.8,81,0.43793273986152326,-0.19828317929759673,3.05,27931.529999999988,logarithmic-125-20-4-1.8
29,logarithmic,125,20,5,1.8,80,0.4250741839762611,-0.1974669131238445,3.0,27940.219999999998,logarithmic-125-20-5-1.8
30,logarithmic,125,30,1,1.0,88,0.47477744807121663,-0.21680974686393537,2.6666666666666665,25737.680000000008,logarithmic-125-30-1-1.0
31,logarithmic,125,30,2,1.0,86,0.46241345202769535,-0.21856447401667692,2.739130434782609,24312.880000000012,logarithmic-125-30-2-1.0
32,logarithmic,125,30,3,1.0,86,0.4804648862512364,-0.20086701707874155,2.739130434782609,25142.650000000016,logarithmic-125-30-3-1.0
33,logarithmic,125,30,4,1.0,84,0.4723046488625124,-0.20100320896986842,2.652173913043478,25169.590000000015,logarithmic-125-30-4-1.0
34,logarithmic,125,30,5,1.0,84,0.4723046488625124,-0.20100320896986842,2.652173913043478,25169.590000000015,logarithmic-125-30-5-1.0
35,logarithmic,125,30,1,1.2,88,0.4762611275964392,-0.21857533095188048,2.6666666666666665,25290.76000000001,logarithmic-125-30-1-1.2
36,logarithmic,125,30,2,1.2,86,0.4629080118694362,-0.21862000596790448,2.739130434782609,24333.694800000005,logarithmic-125-30-2-1.2
37,logarithmic,125,30,3,1.2,87,0.4896142433234421,-0.21163438643255525,2.782608695652174,24762.139600000002,logarithmic-125-30-3-1.2
38,logarithmic,125,30,4,1.2,85,0.4814540059347181,-0.21842584235919976,2.6956521739130435,23666.120000000017,logarithmic-125-30-4-1.2
39,logarithmic,125,30,5,1.2,85,0.4817012858555885,-0.21222626247899176,2.6956521739130435,23859.55000000001,logarithmic-125-30-5-1.2
0,logarithmic,125,30,1,1.4,88,0.480217606330366,-0.22684707360153303,2.6666666666666665,24460.240000000013,logarithmic-125-30-1-1.4
1,logarithmic,125,30,2,1.4,87,0.4715628090999011,-0.26665947009223606,2.782608695652174,24101.71000000002,logarithmic-125-30-2-1.4
2,logarithmic,125,30,3,1.4,88,0.4948071216617211,-0.21790893633100317,3.0,28454.800000000032,logarithmic-125-30-3-1.4
3,logarithmic,125,30,4,1.4,86,0.48689416419386744,-0.21790893633100317,2.909090909090909,27466.720000000012,logarithmic-125-30-4-1.4
4,logarithmic,125,30,5,1.4,86,0.48615232443125617,-0.21709276402796135,2.909090909090909,27492.540000000015,logarithmic-125-30-5-1.4
5,logarithmic,125,30,1,1.6,89,0.4844213649851632,-0.2571356927307157,2.7083333333333335,26008.470000000012,logarithmic-125-30-1-1.6
6,logarithmic,125,30,2,1.6,89,0.4762611275964392,-0.2459461871164217,2.869565217391304,26060.229999999996,logarithmic-125-30-2-1.6
7,logarithmic,125,30,3,1.6,89,0.4977744807121662,-0.24554543737011136,3.0454545454545454,27542.54,logarithmic-125-30-3-1.6
8,logarithmic,125,30,4,1.6,87,0.4896142433234421,-0.2666555828452671,2.9545454545454546,25805.150000000016,logarithmic-125-30-4-1.6
9,logarithmic,125,30,5,1.6,87,0.4896142433234421,-0.2666555828452671,2.9545454545454546,25805.150000000016,logarithmic-125-30-5-1.6
10,logarithmic,125,30,1,1.8,91,0.48986152324431254,-0.3146607048606113,2.7916666666666665,25232.930000000015,logarithmic-125-30-1-1.8
11,logarithmic,125,30,2,1.8,89,0.47675568743818003,-0.2763769540708967,2.869565217391304,24987.460000000003,logarithmic-125-30-2-1.8
12,logarithmic,125,30,3,1.8,89,0.498269040553907,-0.2760385414698659,3.0454545454545454,26426.500000000025,logarithmic-125-30-3-1.8
13,logarithmic,125,30,4,1.8,87,0.49010880316518296,-0.25686604949933856,2.9545454545454546,26157.230000000018,logarithmic-125-30-4-1.8
14,logarithmic,125,30,5,1.8,87,0.49010880316518296,-0.25686604949933856,2.9545454545454546,26157.230000000018,logarithmic-125-30-5-1.8
15,logarithmic,125,40,1,1.0,81,0.4423837784371909,-0.22737549770903784,3.263157894736842,24586.76000000001,logarithmic-125-40-1-1.0
16,logarithmic,125,40,2,1.0,82,0.4473293768545994,-0.23014067405739067,3.1,24254.334800000015,logarithmic-125-40-2-1.0
17,logarithmic,125,40,3,1.0,82,0.44090009891196835,-0.18751231573830926,3.1,24974.870000000003,logarithmic-125-40-3-1.0
18,logarithmic,125,40,4,1.0,80,0.43496538081107816,-0.19028440119482198,3.0,23398.880000000012,logarithmic-125-40-4-1.0
19,logarithmic,125,40,5,1.0,80,0.43496538081107816,-0.19028440119482198,3.0,23398.880000000012,logarithmic-125-40-5-1.0
20,logarithmic,125,40,1,1.2,83,0.44881305637982194,-0.23459268400492364,3.3684210526315788,24844.930000000008,logarithmic-125-40-1-1.2
21,logarithmic,125,40,2,1.2,83,0.45623145400593473,-0.22678796869462622,3.3684210526315788,23635.720000000012,logarithmic-125-40-2-1.2
22,logarithmic,125,40,3,1.2,82,0.44807121661721067,-0.24848379161788048,3.3157894736842106,22576.190000000013,logarithmic-125-40-3-1.2
23,logarithmic,125,40,4,1.2,81,0.443620178041543,-0.2297243542402805,3.05,21691.25000000001,logarithmic-125-40-4-1.2
24,logarithmic,125,40,5,1.2,81,0.44386745796241345,-0.22349317374739533,3.05,21905.540000000008,logarithmic-125-40-5-1.2
25,logarithmic,125,40,1,1.4,83,0.44980217606330364,-0.29428392571902096,3.3684210526315788,22906.01000000001,logarithmic-125-40-1-1.4
26,logarithmic,125,40,2,1.4,84,0.4641444114737883,-0.2763100469027902,3.4210526315789473,24571.140000000007,logarithmic-125-40-2-1.4
27,logarithmic,125,40,3,1.4,83,0.4559841740850643,-0.2570740570793423,3.3684210526315788,24746.4,logarithmic-125-40-3-1.4
28,logarithmic,125,40,4,1.4,81,0.44980217606330364,-0.24577478492544166,3.263157894736842,23589.84000000002,logarithmic-125-40-4-1.4
29,logarithmic,125,40,5,1.4,81,0.44980217606330364,-0.24577478492544166,3.263157894736842,23589.84000000002,logarithmic-125-40-5-1.4
30,logarithmic,125,40,1,1.6,83,0.45351137487636006,-0.29676251587668395,3.3684210526315788,22905.96000000001,logarithmic-125-40-1-1.6
31,logarithmic,125,40,2,1.6,84,0.4648862512363996,-0.3150815253296689,3.4210526315789473,23218.310000000016,logarithmic-125-40-2-1.6
32,logarithmic,125,40,3,1.6,84,0.4589515331355094,-0.314749287995167,3.4210526315789473,23972.430000000026,logarithmic-125-40-3-1.6
33,logarithmic,125,40,4,1.6,82,0.45227497527200794,-0.2760424980390748,3.3157894736842106,23735.170000000006,logarithmic-125-40-4-1.6
34,logarithmic,125,40,5,1.6,82,0.45227497527200794,-0.2760424980390748,3.3157894736842106,23735.170000000006,logarithmic-125-40-5-1.6
35,logarithmic,125,40,1,1.8,84,0.4577151335311573,-0.3760562122018389,3.4210526315789473,22478.56000000001,logarithmic-125-40-1-1.8
36,logarithmic,125,40,2,1.8,86,0.4698318496538081,-0.3788194123563865,3.526315789473684,22123.070000000014,logarithmic-125-40-2-1.8
37,logarithmic,125,40,3,1.8,85,0.4616716122650841,-0.31709246936030683,3.473684210526316,23973.00000000003,logarithmic-125-40-3-1.8
38,logarithmic,125,40,4,1.8,83,0.4557368941641939,-0.31709246936030683,3.3684210526315788,22413.80000000001,logarithmic-125-40-4-1.8
39,logarithmic,125,40,5,1.8,83,0.45548961424332346,-0.314749287995167,3.3684210526315788,22537.850000000017,logarithmic-125-40-5-1.8
0,logarithmic,150,10,1,1.0,71,0.4030662710187933,-0.1742584852706601,3.4375,25071.449999999986,logarithmic-150-10-1-1.0
1,logarithmic,150,10,2,1.0,63,0.3620178041543027,-0.15775186214273587,3.5,20450.580000000005,logarithmic-150-10-2-1.0
2,logarithmic,150,10,3,1.0,59,0.3313550939663699,-0.15205760330493245,3.9166666666666665,21168.770000000004,logarithmic-150-10-3-1.0
3,logarithmic,150,10,4,1.0,54,0.3093471810089021,-0.15235086542165235,3.5,20093.640000000003,logarithmic-150-10-4-1.0
4,logarithmic,150,10,5,1.0,52,0.3024233432245302,-0.16193203984498952,3.3333333333333335,18739.559999999998,logarithmic-150-10-5-1.0
5,logarithmic,150,10,1,1.2,72,0.40677546983184965,-0.181202028330867,3.235294117647059,24689.699999999997,logarithmic-150-10-1-1.2
6,logarithmic,150,10,2,1.2,64,0.3652324431256182,-0.167009770785964,3.2666666666666666,20399.070000000003,logarithmic-150-10-2-1.2
7,logarithmic,150,10,3,1.2,60,0.33382789317507416,-0.1743578319916421,3.6153846153846154,20158.65000000001,logarithmic-150-10-3-1.2
8,logarithmic,150,10,4,1.2,55,0.3118199802176063,-0.1743578319916421,3.230769230769231,19132.81,logarithmic-150-10-4-1.2
9,logarithmic,150,10,5,1.2,53,0.3068743818001978,-0.1743578319916421,3.076923076923077,18282.379999999997,logarithmic-150-10-5-1.2
10,logarithmic,150,10,1,1.4,72,0.40776458951533134,-0.177709705240143,3.235294117647059,25652.620000000003,logarithmic-150-10-1-1.4
11,logarithmic,150,10,2,1.4,64,0.36572700296735905,-0.1778359859890613,3.2666666666666666,21373.950000000008,logarithmic-150-10-2-1.4
12,logarithmic,150,10,3,1.4,60,0.334322453016815,-0.18129724082836565,3.6153846153846154,20009.14000000001,logarithmic-150-10-3-1.4
13,logarithmic,150,10,4,1.4,55,0.31231454005934717,-0.18129724082836565,3.230769230769231,18967.110000000004,logarithmic-150-10-4-1.4
14,logarithmic,150,10,5,1.4,53,0.3073689416419387,-0.18129724082836565,3.076923076923077,18117.08000000001,logarithmic-150-10-5-1.4
15,logarithmic,150,10,1,1.6,72,0.4085064292779426,-0.17940722088096228,3.235294117647059,24743.1096,logarithmic-150-10-1-1.6
16,logarithmic,150,10,2,1.6,65,0.3721562809099901,-0.1865904192248093,3.3333333333333335,20612.27000000001,logarithmic-150-10-2-1.6
17,logarithmic,150,10,3,1.6,61,0.3407517309594461,-0.1800930026736598,3.6923076923076925,20719.47000000002,logarithmic-150-10-3-1.6
18,logarithmic,150,10,4,1.6,56,0.31849653808110784,-0.17776088230031264,3.3076923076923075,20430.04000000001,logarithmic-150-10-4-1.6
19,logarithmic,150,10,5,1.6,54,0.3135509396636993,-0.17776088230031264,3.1538461538461537,19510.31,logarithmic-150-10-5-1.6
20,logarithmic,150,10,1,1.8,73,0.4149357072205737,-0.24846558412363134,3.2941176470588234,23428.980000000018,logarithmic-150-10-1-1.8
21,logarithmic,150,10,2,1.8,65,0.3733926805143422,-0.19833120861154546,3.3333333333333335,20325.690000000002,logarithmic-150-10-2-1.8
22,logarithmic,150,10,3,1.8,61,0.34124629080118696,-0.17942031847810014,3.6923076923076925,20733.45000000001,logarithmic-150-10-3-1.8
23,logarithmic,150,10,4,1.8,56,0.3192383778437191,-0.17942031847810014,3.3076923076923075,19669.350000000002,logarithmic-150-10-4-1.8
24,logarithmic,150,10,5,1.8,54,0.31429277942631056,-0.17942031847810014,3.1538461538461537,18800.11999999999,logarithmic-150-10-5-1.8
25,logarithmic,150,20,1,1.0,89,0.47873392680514343,-0.17743398060937374,3.238095238095238,37591.580000000016,logarithmic-150-20-1-1.0
26,logarithmic,150,20,2,1.0,87,0.4700791295746785,-0.17743398060937374,3.142857142857143,36627.100000000035,logarithmic-150-20-2-1.0
27,logarithmic,150,20,3,1.0,84,0.458704253214639,-0.18095637327464598,3.2,34228.16,logarithmic-150-20-3-1.0
28,logarithmic,150,20,4,1.0,82,0.445351137487636,-0.18095637327464598,3.1,31116.18,logarithmic-150-20-4-1.0
29,logarithmic,150,20,5,1.0,81,0.4431256181998022,-0.18095637327464598,3.05,30325.549999999996,logarithmic-150-20-5-1.0
30,logarithmic,150,20,1,1.2,90,0.48417408506429277,-0.18633458388965302,3.2857142857142856,36566.43000000002,logarithmic-150-20-1-1.2
31,logarithmic,150,20,2,1.2,87,0.4745301681503462,-0.1798095953665834,3.142857142857143,34507.02000000001,logarithmic-150-20-2-1.2
32,logarithmic,150,20,3,1.2,84,0.4631552917903066,-0.17745473955526794,3.2,35736.34000000002,logarithmic-150-20-3-1.2
33,logarithmic,150,20,4,1.2,82,0.45326409495548964,-0.17745473955526794,3.3157894736842106,33139.41,logarithmic-150-20-4-1.2
34,logarithmic,150,20,5,1.2,82,0.45227497527200794,-0.17771716541619068,3.3157894736842106,34717.50000000001,logarithmic-150-20-5-1.2
35,logarithmic,150,20,1,1.4,91,0.48714144411473786,-0.19802473505152454,3.3333333333333335,37548.81000000003,logarithmic-150-20-1-1.4
36,logarithmic,150,20,2,1.4,89,0.47873392680514343,-0.17943544287865046,3.238095238095238,37719.39400000002,logarithmic-150-20-2-1.4
37,logarithmic,150,20,3,1.4,86,0.46735905044510384,-0.18664673097816473,3.3,37294.01000000001,logarithmic-150-20-3-1.4
38,logarithmic,150,20,4,1.4,84,0.45746785361028686,-0.18664673097816473,3.4210526315789473,34553.02000000002,logarithmic-150-20-4-1.4
39,logarithmic,150,20,5,1.4,83,0.45524233432245303,-0.18664673097816473,3.3684210526315788,33678.62,logarithmic-150-20-5-1.4
0,logarithmic,150,20,1,1.6,92,0.4893669634025717,-0.24841025101954822,3.380952380952381,36908.13000000003,logarithmic-150-20-1-1.6
1,logarithmic,150,20,2,1.6,89,0.47997032640949555,-0.24841025101954822,3.238095238095238,34551.720000000016,logarithmic-150-20-2-1.6
2,logarithmic,150,20,3,1.6,86,0.46859545004945596,-0.1983654026361303,3.3,36737.69999999999,logarithmic-150-20-3-1.6
3,logarithmic,150,20,4,1.6,84,0.4579624134520277,-0.19754934878210845,3.4210526315789473,34086.09,logarithmic-150-20-4-1.6
4,logarithmic,150,20,5,1.6,83,0.4557368941641939,-0.19754934878210845,3.3684210526315788,33214.25,logarithmic-150-20-5-1.6
5,logarithmic,150,20,1,1.8,92,0.48986152324431254,-0.23826006253185503,3.380952380952381,37385.49000000003,logarithmic-150-20-1-1.8
6,logarithmic,150,20,2,1.8,89,0.480217606330366,-0.22671220892638416,3.238095238095238,35520.87,logarithmic-150-20-2-1.8
7,logarithmic,150,20,3,1.8,86,0.4690900098911968,-0.22671220892638416,3.3,35411.439999999995,logarithmic-150-20-3-1.8
8,logarithmic,150,20,4,1.8,84,0.4589515331355094,-0.24841025101954822,3.4210526315789473,31955.260000000013,logarithmic-150-20-4-1.8
9,logarithmic,150,20,5,1.8,83,0.4567260138476756,-0.24841025101954822,3.3684210526315788,31124.72,logarithmic-150-20-5-1.8
10,logarithmic,150,30,1,1.0,86,0.48491592482690404,-0.21004162627587378,3.0952380952380953,27401.590000000015,logarithmic-150-30-1-1.0
11,logarithmic,150,30,2,1.0,87,0.47477744807121663,-0.19172524134226146,3.142857142857143,27503.926000000032,logarithmic-150-30-2-1.0
12,logarithmic,150,30,3,1.0,89,0.4762611275964392,-0.2052099666635922,2.869565217391304,26849.150000000023,logarithmic-150-30-3-1.0
13,logarithmic,150,30,4,1.0,87,0.4893669634025717,-0.20459049604368837,2.9545454545454546,27706.000000000004,logarithmic-150-30-4-1.0
14,logarithmic,150,30,5,1.0,84,0.47576656775469833,-0.20815964173064566,2.8181818181818183,25848.440000000017,logarithmic-150-30-5-1.0
15,logarithmic,150,30,1,1.2,86,0.4856577645895153,-0.2379803580122904,3.0952380952380953,26384.180000000033,logarithmic-150-30-1-1.2
16,logarithmic,150,30,2,1.2,87,0.47576656775469833,-0.2103476817566708,3.142857142857143,26872.87000000002,logarithmic-150-30-2-1.2
17,logarithmic,150,30,3,1.2,90,0.4782393669634026,-0.20483372990387563,2.9130434782608696,26882.590000000022,logarithmic-150-30-3-1.2
18,logarithmic,150,30,4,1.2,88,0.49159248269040556,-0.20491880379206776,3.0,27538.350000000002,logarithmic-150-30-4-1.2
19,logarithmic,150,30,5,1.2,84,0.4762611275964392,-0.20793947352155712,2.8181818181818183,25904.15520000002,logarithmic-150-30-5-1.2
20,logarithmic,150,30,1,1.4,87,0.4920870425321464,-0.2687386060094692,3.142857142857143,25454.979999999996,logarithmic-150-30-1-1.4
21,logarithmic,150,30,2,1.4,89,0.4836795252225519,-0.2268758088910903,3.238095238095238,26451.260000000028,logarithmic-150-30-2-1.4
22,logarithmic,150,30,3,1.4,91,0.48516320474777447,-0.24826457218730918,2.9565217391304346,25323.630000000016,logarithmic-150-30-3-1.4
23,logarithmic,150,30,4,1.4,89,0.49851632047477745,-0.24853400793629907,3.0454545454545454,25907.84,logarithmic-150-30-4-1.4
24,logarithmic,150,30,5,1.4,85,0.4834322453016815,-0.24853400793629907,2.8636363636363638,23828.080000000016,logarithmic-150-30-5-1.4
25,logarithmic,150,30,1,1.6,88,0.49431256181998023,-0.29754582005400615,3.1904761904761907,24425.650000000016,logarithmic-150-30-1-1.6
26,logarithmic,150,30,2,1.6,89,0.48417408506429277,-0.25813583477560537,3.238095238095238,25381.460000000025,logarithmic-150-30-2-1.6
27,logarithmic,150,30,3,1.6,92,0.4876360039564787,-0.23833330468414243,3.0,26893.660000000014,logarithmic-150-30-3-1.6
28,logarithmic,150,30,4,1.6,90,0.5009891196834817,-0.23833117456241865,3.090909090909091,27559.39,logarithmic-150-30-4-1.6
29,logarithmic,150,30,5,1.6,86,0.4856577645895153,-0.22681852569319452,2.909090909090909,25726.13,logarithmic-150-30-5-1.6
30,logarithmic,150,30,1,1.8,89,0.49653808110781406,-0.3002546403760668,3.238095238095238,25500.760000000002,logarithmic-150-30-1-1.8
31,logarithmic,150,30,2,1.8,90,0.48689416419386744,-0.297552515470211,3.2857142857142856,25195.56000000001,logarithmic-150-30-2-1.8
32,logarithmic,150,30,3,1.8,92,0.4886251236399604,-0.29778083369144814,3.0,24796.04000000001,logarithmic-150-30-3-1.8
33,logarithmic,150,30,4,1.8,90,0.5012363996043522,-0.2580516901456884,3.090909090909091,26845.570000000003,logarithmic-150-30-4-1.8
34,logarithmic,150,30,5,1.8,86,0.48615232443125617,-0.2580516901456884,2.909090909090909,24689.26,logarithmic-150-30-5-1.8
35,logarithmic,150,40,1,1.0,82,0.4579624134520277,-0.24969226076467993,3.3157894736842106,24197.930000000004,logarithmic-150-40-1-1.0
36,logarithmic,150,40,2,1.0,79,0.4505440158259149,-0.25968236665794425,3.1578947368421053,21959.29,logarithmic-150-40-2-1.0
37,logarithmic,150,40,3,1.0,81,0.44881305637982194,-0.23073553302489883,3.5,25155.51000000002,logarithmic-150-40-3-1.0
38,logarithmic,150,40,4,1.0,83,0.4599406528189911,-0.20938498332572686,3.15,25368.390000000007,logarithmic-150-40-4-1.0
39,logarithmic,150,40,5,1.0,81,0.4465875370919881,-0.19152582740889307,3.5,27048.061600000012,logarithmic-150-40-5-1.0
0,logarithmic,150,40,1,1.2,84,0.46463897131552917,-0.307843871968096,3.4210526315789473,23722.660000000018,logarithmic-150-40-1-1.2
1,logarithmic,150,40,2,1.2,81,0.456973293768546,-0.24933687786801687,3.263157894736842,23702.57000000001,logarithmic-150-40-2-1.2
2,logarithmic,150,40,3,1.2,83,0.4549950544015826,-0.22655311739460401,3.611111111111111,25333.520000000008,logarithmic-150-40-3-1.2
3,logarithmic,150,40,4,1.2,84,0.4648862512363996,-0.22676858912869371,3.2,23830.56000000001,logarithmic-150-40-4-1.2
4,logarithmic,150,40,5,1.2,82,0.4515331355093966,-0.24839447741373125,3.5555555555555554,24114.579999999994,logarithmic-150-40-5-1.2
5,logarithmic,150,40,1,1.4,84,0.4648862512363996,-0.31018817222181555,3.4210526315789473,23685.60000000001,logarithmic-150-40-1-1.4
6,logarithmic,150,40,2,1.4,83,0.4619188921859545,-0.2974733734938865,3.3684210526315788,22211.27000000002,logarithmic-150-40-2-1.4
7,logarithmic,150,40,3,1.4,84,0.46142433234421365,-0.2578730487234536,3.6666666666666665,24445.149999999998,logarithmic-150-40-3-1.4
8,logarithmic,150,40,4,1.4,84,0.4688427299703264,-0.2579850863559364,3.2,22919.000000000022,logarithmic-150-40-4-1.4
9,logarithmic,150,40,5,1.4,82,0.45548961424332346,-0.238323707014697,3.5555555555555554,24513.15000000002,logarithmic-150-40-5-1.4
10,logarithmic,150,40,1,1.6,85,0.47032640949554894,-0.33945344002828165,3.473684210526316,22748.199999999997,logarithmic-150-40-1-1.6
11,logarithmic,150,40,2,1.6,83,0.4658753709198813,-0.36325726469602615,3.3684210526315788,20194.72,logarithmic-150-40-2-1.6
12,logarithmic,150,40,3,1.6,84,0.46241345202769535,-0.29990388616586794,3.6666666666666665,23043.41000000002,logarithmic-150-40-3-1.6
13,logarithmic,150,40,4,1.6,85,0.47205736894164196,-0.2978590773767718,3.25,21758.85000000001,logarithmic-150-40-4-1.6
14,logarithmic,150,40,5,1.6,83,0.4589515331355094,-0.2978590773767718,3.611111111111111,22667.48000000001,logarithmic-150-40-5-1.6
15,logarithmic,150,40,1,1.8,85,0.47057368941641936,-0.39175630539894607,3.473684210526316,20954.030000000002,logarithmic-150-40-1-1.8
16,logarithmic,150,40,2,1.8,83,0.4661226508407517,-0.33945344002828165,3.3684210526315788,20980.510000000006,logarithmic-150-40-2-1.8
17,logarithmic,150,40,3,1.8,85,0.46463897131552917,-0.36390431955672053,3.7222222222222223,21935.950000000008,logarithmic-150-40-3-1.8
18,logarithmic,150,40,4,1.8,86,0.4745301681503462,-0.3637083850205262,3.3,20678.100000000013,logarithmic-150-40-4-1.8
19,logarithmic,150,40,5,1.8,84,0.4611770524233432,-0.30022673569396247,3.6666666666666665,23671.04000000001,logarithmic-150-40-5-1.8
20,logarithmic,175,10,1,1.0,75,0.42952522255192876,-0.17917427434963304,3.1666666666666665,27441.85000000001,logarithmic-175-10-1-1.0
21,logarithmic,175,10,2,1.0,69,0.4052917903066271,-0.18660521899376412,2.8333333333333335,23044.450000000004,logarithmic-175-10-2-1.0
22,logarithmic,175,10,3,1.0,62,0.35410484668644904,-0.15801611105274252,3.1333333333333333,20159.380000000005,logarithmic-175-10-3-1.0
23,logarithmic,175,10,4,1.0,55,0.3157764589515331,-0.15581331039144544,3.230769230769231,19074.87000000001,logarithmic-175-10-4-1.0
24,logarithmic,175,10,5,1.0,54,0.31404549950544014,-0.17417813408368865,2.857142857142857,18107.720000000016,logarithmic-175-10-5-1.0
25,logarithmic,175,10,1,1.2,75,0.4310089020771513,-0.177709705240143,3.1666666666666665,28470.63000000001,logarithmic-175-10-1-1.2
26,logarithmic,175,10,2,1.2,70,0.40974282888229474,-0.1814164380040627,3.1176470588235294,23833.409999999996,logarithmic-175-10-2-1.2
27,logarithmic,175,10,3,1.2,62,0.35534124629080116,-0.167009770785964,3.4285714285714284,20445.439999999995,logarithmic-175-10-3-1.2
28,logarithmic,175,10,4,1.2,56,0.31775469831849656,-0.167009770785964,3.0,18688.9,logarithmic-175-10-4-1.2
29,logarithmic,175,10,5,1.2,55,0.31602373887240354,-0.18105233063880272,2.6666666666666665,17745.649999999994,logarithmic-175-10-5-1.2
30,logarithmic,175,10,1,1.4,76,0.43372898120672604,-0.1865793261395657,3.2222222222222223,26972.300000000014,logarithmic-175-10-1-1.4
31,logarithmic,175,10,2,1.4,70,0.41097922848664686,-0.18025903320624406,3.1176470588235294,23862.120000000003,logarithmic-175-10-2-1.4
32,logarithmic,175,10,3,1.4,62,0.35583580613254207,-0.1778359859890613,3.4285714285714284,21422.859999999997,logarithmic-175-10-3-1.4
33,logarithmic,175,10,4,1.4,56,0.3182492581602374,-0.1778359859890613,3.0,19549.230000000007,logarithmic-175-10-4-1.4
34,logarithmic,175,10,5,1.4,55,0.3165182987141444,-0.18054123936476923,2.6666666666666665,18590.16999999999,logarithmic-175-10-5-1.4
35,logarithmic,175,10,1,1.6,77,0.4401582591493571,-0.19837444278310426,3.2777777777777777,27483.45000000001,logarithmic-175-10-1-1.6
36,logarithmic,175,10,2,1.6,71,0.4169139465875371,-0.19758039909684497,3.176470588235294,24186.04000000001,logarithmic-175-10-2-1.6
37,logarithmic,175,10,3,1.6,63,0.36251236399604353,-0.17942031847810014,3.5,20823.470000000005,logarithmic-175-10-3-1.6
38,logarithmic,175,10,4,1.6,57,0.32467853610286845,-0.1865904192248093,3.0714285714285716,18864.309999999994,logarithmic-175-10-4-1.6
39,logarithmic,175,10,5,1.6,56,0.3229475766567755,-0.1865904192248093,2.7333333333333334,17928.29000000001,logarithmic-175-10-5-1.6
0,logarithmic,175,10,1,1.8,77,0.44090009891196835,-0.23827239236434208,3.2777777777777777,26134.55000000001,logarithmic-175-10-1-1.8
1,logarithmic,175,10,2,1.8,71,0.4179030662710188,-0.24847149453544748,3.176470588235294,22642.009999999995,logarithmic-175-10-2-1.8
2,logarithmic,175,10,3,1.8,63,0.36374876360039565,-0.24845434842813877,3.5,19077.899999999998,logarithmic-175-10-3-1.8
3,logarithmic,175,10,4,1.8,57,0.326162215628091,-0.24845434842813877,3.0714285714285716,17433.32000000001,logarithmic-175-10-4-1.8
4,logarithmic,175,10,5,1.8,56,0.3241839762611276,-0.19833120861154546,2.7333333333333334,17652.210000000003,logarithmic-175-10-5-1.8
5,logarithmic,175,20,1,1.0,88,0.4794757665677547,-0.19851816515712428,3.4,35907.86000000002,logarithmic-175-20-1-1.0
6,logarithmic,175,20,2,1.0,89,0.48417408506429277,-0.17768080561927635,3.0454545454545454,35874.14000000002,logarithmic-175-20-2-1.0
7,logarithmic,175,20,3,1.0,86,0.4723046488625124,-0.17768080561927635,3.0952380952380953,35472.90000000001,logarithmic-175-20-3-1.0
8,logarithmic,175,20,4,1.0,83,0.45647873392680516,-0.17768080561927635,3.3684210526315788,34121.30000000003,logarithmic-175-20-4-1.0
9,logarithmic,175,20,5,1.0,80,0.4463402571711177,-0.17745473955526794,3.210526315789474,32726.2,logarithmic-175-20-5-1.0
10,logarithmic,175,20,1,1.2,88,0.47997032640949555,-0.20933772917036356,3.4,35481.56000000001,logarithmic-175-20-1-1.2
11,logarithmic,175,20,2,1.2,89,0.4846686449060336,-0.19851816515712428,3.0454545454545454,34289.450000000004,logarithmic-175-20-2-1.2
12,logarithmic,175,20,3,1.2,86,0.4735410484668645,-0.19851816515712428,3.0952380952380953,33065.13,logarithmic-175-20-3-1.2
13,logarithmic,175,20,4,1.2,83,0.45746785361028686,-0.1920867749149916,3.3684210526315788,32088.28000000002,logarithmic-175-20-4-1.2
14,logarithmic,175,20,5,1.2,81,0.44881305637982194,-0.1798095953665834,3.263157894736842,31245.31000000001,logarithmic-175-20-5-1.2
15,logarithmic,175,20,1,1.4,89,0.4826904055390702,-0.25945831773740347,3.45,34571.08,logarithmic-175-20-1-1.4
16,logarithmic,175,20,2,1.4,91,0.4896142433234421,-0.21021360987740936,3.1363636363636362,36888.520000000026,logarithmic-175-20-2-1.4
17,logarithmic,175,20,3,1.4,89,0.4792284866468843,-0.19754133804443214,3.238095238095238,36133.36000000002,logarithmic-175-20-3-1.4
18,logarithmic,175,20,4,1.4,86,0.4631552917903066,-0.17943766965062152,3.526315789473684,35555.497600000024,logarithmic-175-20-4-1.4
19,logarithmic,175,20,5,1.4,83,0.4530168150346192,-0.17943544287865046,3.3684210526315788,34135.10400000003,logarithmic-175-20-5-1.4
20,logarithmic,175,20,1,1.6,90,0.48516320474777447,-0.24953383555513814,3.5,36764.530000000035,logarithmic-175-20-1-1.6
21,logarithmic,175,20,2,1.6,92,0.49159248269040556,-0.22677418315859713,3.1818181818181817,36137.540000000015,logarithmic-175-20-2-1.6
22,logarithmic,175,20,3,1.6,89,0.480217606330366,-0.24849905670656589,3.238095238095238,33859.990000000005,logarithmic-175-20-3-1.6
23,logarithmic,175,20,4,1.6,86,0.46439169139465875,-0.24849905670656589,3.526315789473684,32585.160000000007,logarithmic-175-20-4-1.6
24,logarithmic,175,20,5,1.6,83,0.45425321463897134,-0.24841025101954822,3.3684210526315788,31259.12000000001,logarithmic-175-20-5-1.6
25,logarithmic,175,20,1,1.8,90,0.48615232443125617,-0.3080995772482968,3.5,33878.03000000002,logarithmic-175-20-1-1.8
26,logarithmic,175,20,2,1.8,92,0.4920870425321464,-0.2579861284811568,3.1818181818181817,34629.42000000002,logarithmic-175-20-2-1.8
27,logarithmic,175,20,3,1.8,89,0.4807121661721068,-0.23830340127010516,3.238095238095238,34312.87000000003,logarithmic-175-20-3-1.8
28,logarithmic,175,20,4,1.8,86,0.4648862512363996,-0.23830340127010516,3.526315789473684,33017.46000000001,logarithmic-175-20-4-1.8
29,logarithmic,175,20,5,1.8,83,0.45450049455984176,-0.22671220892638416,3.3684210526315788,32150.490000000005,logarithmic-175-20-5-1.8
30,logarithmic,175,30,1,1.0,87,0.49653808110781406,-0.25948140381782264,2.9545454545454546,26168.280000000013,logarithmic-175-30-1-1.0
31,logarithmic,175,30,2,1.0,90,0.5054401582591493,-0.20951252285265082,2.9130434782608696,29645.370000000028,logarithmic-175-30-2-1.0
32,logarithmic,175,30,3,1.0,89,0.5037091988130564,-0.19342414250648923,3.0454545454545454,30809.269600000003,logarithmic-175-30-3-1.0
33,logarithmic,175,30,4,1.0,85,0.48194856577645895,-0.193465782572457,2.8636363636363638,26944.6964,logarithmic-175-30-4-1.0
34,logarithmic,175,30,5,1.0,84,0.478486646884273,-0.19874097814926317,2.8181818181818183,25909.810000000012,logarithmic-175-30-5-1.0
35,logarithmic,175,30,1,1.2,88,0.4997527200791296,-0.2494856438561544,3.0,26500.980000000007,logarithmic-175-30-1-1.2
36,logarithmic,175,30,2,1.2,91,0.5091493570722058,-0.23834123764065332,2.9565217391304346,28636.129999999997,logarithmic-175-30-2-1.2
37,logarithmic,175,30,3,1.2,90,0.5074183976261127,-0.25941744409507606,3.090909090909091,28289.61000000001,logarithmic-175-30-3-1.2
38,logarithmic,175,30,4,1.2,86,0.4854104846686449,-0.21026911761060757,2.909090909090909,26383.579999999994,logarithmic-175-30-4-1.2
39,logarithmic,175,30,5,1.2,85,0.4821958456973294,-0.21026911761060757,2.8636363636363638,25618.06,logarithmic-175-30-5-1.2
0,logarithmic,175,30,1,1.4,88,0.5007418397626113,-0.30813528479420893,3.0,24452.11000000002,logarithmic-175-30-1-1.4
1,logarithmic,175,30,2,1.4,91,0.5096439169139466,-0.26911238229929835,2.9565217391304346,27501.21000000001,logarithmic-175-30-2-1.4
2,logarithmic,175,30,3,1.4,90,0.5079129574678536,-0.24941719900869755,3.090909090909091,28643.48999999999,logarithmic-175-30-3-1.4
3,logarithmic,175,30,4,1.4,86,0.48590504451038574,-0.23832783390706114,2.909090909090909,25467.180000000008,logarithmic-175-30-4-1.4
4,logarithmic,175,30,5,1.4,85,0.4826904055390702,-0.23832783390706114,2.8636363636363638,24687.22000000002,logarithmic-175-30-5-1.4
5,logarithmic,175,30,1,1.6,88,0.5009891196834817,-0.310481091590044,3.0,24344.340000000022,logarithmic-175-30-1-1.6
6,logarithmic,175,30,2,1.6,91,0.5103857566765578,-0.308266530478325,2.9565217391304346,25973.68,logarithmic-175-30-2-1.6
7,logarithmic,175,30,3,1.6,90,0.5081602373887241,-0.2688056940774154,3.090909090909091,27938.15000000001,logarithmic-175-30-3-1.6
8,logarithmic,175,30,4,1.6,87,0.48837784371909,-0.2690327655574788,2.9545454545454546,25619.530000000006,logarithmic-175-30-4-1.6
9,logarithmic,175,30,5,1.6,87,0.486646884272997,-0.2580516901456884,2.9545454545454546,25190.460000000017,logarithmic-175-30-5-1.6
10,logarithmic,175,30,1,1.8,89,0.5032146389713156,-0.3726705161233011,3.0454545454545454,23268.71000000002,logarithmic-175-30-1-1.8
11,logarithmic,175,30,2,1.8,92,0.5126112759643917,-0.3103032993867413,3.0,27206.01000000002,logarithmic-175-30-2-1.8
12,logarithmic,175,30,3,1.8,92,0.5126112759643917,-0.30016811345079475,3.1818181818181817,28000.850000000013,logarithmic-175-30-3-1.8
13,logarithmic,175,30,4,1.8,88,0.49060336300692386,-0.2977663885099895,3.0,24583.990000000027,logarithmic-175-30-4-1.8
14,logarithmic,175,30,5,1.8,87,0.4873887240356083,-0.2977663885099895,2.9545454545454546,23855.73000000002,logarithmic-175-30-5-1.8
15,logarithmic,175,40,1,1.0,84,0.4658753709198813,-0.2686973928562814,3.4210526315789473,26794.69,logarithmic-175-40-1-1.0
16,logarithmic,175,40,2,1.0,85,0.47774480712166173,-0.2493686315378581,3.0476190476190474,25109.669999999995,logarithmic-175-40-2-1.0
17,logarithmic,175,40,3,1.0,82,0.4626607319485658,-0.25936078776518745,3.3157894736842106,24848.020000000008,logarithmic-175-40-3-1.0
18,logarithmic,175,40,4,1.0,81,0.4606824925816024,-0.2594931802604785,3.263157894736842,23937.010000000006,logarithmic-175-40-4-1.0
19,logarithmic,175,40,5,1.0,82,0.456973293768546,-0.21008681343056165,3.1,25380.83000000001,logarithmic-175-40-5-1.0
20,logarithmic,175,40,1,1.2,85,0.47057368941641936,-0.3100836890721848,3.473684210526316,25718.00000000001,logarithmic-175-40-1-1.2
21,logarithmic,175,40,2,1.2,87,0.48516320474777447,-0.3078934867226657,3.142857142857143,23520.709999999995,logarithmic-175-40-2-1.2
22,logarithmic,175,40,3,1.2,84,0.4698318496538081,-0.26874090877287304,3.4210526315789473,24959.80000000001,logarithmic-175-40-3-1.2
23,logarithmic,175,40,4,1.2,82,0.46513353115727,-0.24951090214282012,3.3157894736842106,24618.660000000018,logarithmic-175-40-4-1.2
24,logarithmic,175,40,5,1.2,82,0.4599406528189911,-0.24951090214282012,3.1,23167.210000000017,logarithmic-175-40-5-1.2
25,logarithmic,175,40,1,1.4,85,0.4710682492581602,-0.3490238467447061,3.473684210526316,24249.88000000002,logarithmic-175-40-1-1.4
26,logarithmic,175,40,2,1.4,87,0.4854104846686449,-0.31023851697458676,3.142857142857143,23448.660000000003,logarithmic-175-40-2-1.4
27,logarithmic,175,40,3,1.4,84,0.47057368941641936,-0.3078934867226657,3.4210526315789473,23622.0,logarithmic-175-40-3-1.4
28,logarithmic,175,40,4,1.4,83,0.46859545004945596,-0.3080829129279171,3.3684210526315788,22737.560000000012,logarithmic-175-40-4-1.4
29,logarithmic,175,40,5,1.4,83,0.4626607319485658,-0.2688629827562783,3.15,22590.610000000004,logarithmic-175-40-5-1.4
30,logarithmic,175,40,1,1.6,85,0.4713155291790307,-0.40050238292044227,3.473684210526316,22336.310000000012,logarithmic-175-40-1-1.6
31,logarithmic,175,40,2,1.6,87,0.48590504451038574,-0.3491870831844982,3.142857142857143,22121.570000000007,logarithmic-175-40-2-1.6
32,logarithmic,175,40,3,1.6,84,0.4710682492581602,-0.37263738570371163,3.4210526315789473,21377.989999999998,logarithmic-175-40-3-1.6
33,logarithmic,175,40,4,1.6,83,0.4688427299703264,-0.3104253635518671,3.3684210526315788,22656.47000000001,logarithmic-175-40-4-1.6
34,logarithmic,175,40,5,1.6,83,0.46364985163204747,-0.3104253635518671,3.15,21301.83000000001,logarithmic-175-40-5-1.6
35,logarithmic,175,40,1,1.8,85,0.47205736894164196,-0.3588149785241167,3.473684210526316,23999.240000000016,logarithmic-175-40-1-1.8
36,logarithmic,175,40,2,1.8,87,0.48615232443125617,-0.4006768476135414,3.142857142857143,20344.360000000004,logarithmic-175-40-2-1.8
37,logarithmic,175,40,3,1.8,85,0.4732937685459941,-0.34974275976206326,3.473684210526316,23252.45000000001,logarithmic-175-40-3-1.8
38,logarithmic,175,40,4,1.8,85,0.4725519287833828,-0.3637022440327001,3.473684210526316,21910.49000000001,logarithmic-175-40-4-1.8
39,logarithmic,175,40,5,1.8,85,0.46735905044510384,-0.3637022440327001,3.25,20635.06000000001,logarithmic-175-40-5-1.8
